response;rs2229109;rs1128503;rs1045642;rs2235048;rs717620;rs2756104;rs2273697;rs2002042;rs4148396;rs3758395;rs3740067;rs17216317;rs3740066;rs3740065;rs1137968;rs8187710;rs162549;rs9341263;rs162562;rs162561;rs2551188;rs9341244;rs2404955;rs6956344;rs4646437;rs28988579;rs12114000;rs776746;rs28365067;rs28371764;rs12768009;rs4986893;rs2104161;rs12253253;rs2253635;rs7089580;rs4086116;rs4918766;rs2153628;rs9332172;rs1934963;rs1057910;rs2515641;rs915906;rs8192772;rs6413419;rs915907;rs8192775;rs7092584;rs743535;rs2070677;rs2515644;rs4986882;rs1799814;rs17861094;rs4646421;rs8031941;rs2069526;rs12904742;rs28360521;rs10264272;rs1056836;rs1080985;rs11188092;rs11568732;rs11597626;rs1200313;rs12268020;rs12333983;rs12571421;rs12773342;rs12778026;rs1322179;rs1505;rs1555474;rs17222632;rs17222723;rs1800440;rs1856908;rs2032586;rs2070673;rs2073336;rs2235039;rs2249694;rs2256871;rs2405184;rs2470890;rs2472306;rs2475376;rs2515642;rs2687111;rs2756109;rs28365083;rs28365087;rs28371730;rs28399419;rs28399429;rs2855658;rs2856844;rs3213619;rs3758580;rs3758581;rs4304697;rs4417205;rs4617515;rs4646457;rs4917623;rs4917639;rs4918797;rs4986879;rs743534;rs762551;rs7897079;rs7916649;rs9282564;rs9332104;rs9332168;rs9332174;rs9341249
1;CC;AA;AG;AG;CT;TT;GG;CC;TT;TT;GG;CC;TT;AA;GG;GG;AA;AG;AC;AC;CT;CC;GG;CT;CT;TT;GG;AG;CC;CC;GG;GG;GG;AA;GG;AA;CC;GG;AA;AA;TT;AA;CT;CC;TT;GG;CC;GG;CC;CC;AT;AA;AA;CC;AA;CT;TT;TT;AG;CC;CT;CG;CG;AA;TT;CC;GG;CC;AT;AA;CT;TT;GG;GG;GG;TT;AT;AA;TT;GG;TT;AT;GG;AG;TT;AA;CC;AG;TT;CT;TT;GG;CC;GG;AG;CC;GG;AG;CC;TT;CC;GG;GG;CC;GG;GT;CT;AA;CC;AA;GT;AC;AA;AG;AA;TT;CC;AA;GG
1;CC;AG;AG;AG;CC;CT;GG;CT;CC;TT;CC;CC;CC;AG;GT;AG;AA;AG;AC;CC;TT;CC;AG;CC;CC;TT;GG;GG;CC;CC;GG;GG;GG;AA;GG;AT;CC;AG;AG;AA;TT;AA;CT;TT;TT;GG;AC;AG;CT;CT;AT;AC;AA;AC;AA;CT;TT;TT;AG;CT;CC;CG;CC;AC;TT;CG;TT;CT;TT;AA;CT;TT;GG;CG;CG;TT;TT;AA;GG;GG;TT;AT;GG;AG;TT;AA;CC;AG;CT;CC;TT;TT;CC;GG;AG;CC;GG;AG;CC;TT;CC;GG;GG;CC;AG;TT;CT;AA;CC;AA;GT;CC;AG;AG;AG;CT;CT;AG;GG
1;CC;GG;AG;AG;CC;TT;GG;CC;TT;TT;CG;CC;CT;AG;GG;AG;AA;AA;AA;CC;TT;CC;AG;CC;CC;TT;GG;GG;CC;CC;GG;GG;GT;AC;AA;AT;CC;GG;AA;AA;TT;AA;CC;TT;CT;GG;AC;AG;CT;CT;AA;CC;AA;CC;AA;CC;TT;TT;GG;CC;CC;CC;CC;AA;TT;CC;GT;CC;TT;AG;CT;AT;AG;CC;CG;TT;TT;AA;GG;GG;TT;AT;NA;AG;TT;AA;CT;AG;CT;CT;TT;GT;CC;AG;AG;CC;GG;GG;CC;TT;CT;AG;GG;CG;AG;TT;CT;AA;CC;AA;TT;AC;AA;AG;NA;TT;CC;AA;GG
1;CC;AG;AG;AG;CC;TT;GG;CC;TT;TT;GG;CC;TT;AA;GG;GG;NA;AA;NA;NA;NA;NA;GG;NA;NA;NA;GG;NA;NA;NA;AG;GG;GT;AA;AG;AA;CC;AG;NA;AA;NA;NA;CC;CT;NA;NA;NA;NA;NA;NA;NA;AC;AA;CC;NA;NA;NA;NA;GG;CT;NA;NA;NA;AC;TT;NA;NA;NA;NA;NA;TT;TT;GG;GG;NA;TT;TT;NA;NA;NA;TT;AT;NA;GG;CT;NA;CC;GG;CC;TT;TT;TT;CC;NA;GG;CC;NA;AG;NA;TT;CC;GG;GG;NA;AG;NA;TT;AA;NA;NA;NA;CC;NA;AG;NA;CT;NA;AA;NA
1;CC;GG;GG;AA;CT;TT;GG;CC;TT;TT;GG;CC;TT;AA;GG;GG;AA;AA;AC;AC;CT;CC;AG;CT;TT;TT;GG;AA;CT;CC;GG;GG;GG;AA;GG;AA;CC;GG;AA;AA;CT;AA;CT;CT;TT;GG;CC;GG;CC;CC;AA;AA;AA;AC;AG;CT;TT;TT;GG;CC;CC;CG;CC;AA;TT;CC;TT;CC;AT;AA;CT;TT;GG;CC;CG;TT;TT;AA;GG;GG;TT;AT;GG;GG;TT;AA;CC;AG;CT;TT;TT;GT;CC;GG;AG;CC;GG;AG;CC;TT;CC;AG;GG;CC;AG;GG;CT;AC;CT;AA;TT;AC;AA;AG;AA;CT;CC;AG;GG
1;CC;AG;AG;AG;CC;CC;AG;CT;CC;TT;CG;CC;CT;AA;GG;GG;AA;AG;AC;CC;CT;CC;AG;CC;CT;TT;GG;AG;CC;CC;GG;AG;GT;AA;AA;AT;CC;AA;AA;GG;TT;AA;CC;TT;TT;GG;AC;AG;CT;CT;AA;CC;AA;AC;AA;CT;TT;TT;AG;CC;CC;CG;CG;AA;TT;CC;GT;CC;AT;AA;CT;TT;GG;CC;GG;TT;TT;AA;GT;GG;TT;AT;GG;GG;TT;AA;CC;AG;CC;CT;TT;TT;CC;GG;AG;CC;GG;AG;CC;TT;CC;GG;GG;CC;GG;GT;CT;AA;CC;AA;TT;AA;AA;AG;AA;TT;CC;AA;CG
1;CC;AA;AA;GG;CC;CT;GG;CT;CT;TT;CG;CT;CT;AA;GG;GG;AT;AG;AA;CC;CC;CC;AG;CT;CT;GT;GG;AG;CT;CT;GG;GG;GG;AA;AG;AA;CC;AG;AG;AA;CT;AC;CC;TT;TT;AA;CC;GG;CC;CT;AT;AC;AA;CC;AA;CC;TT;TT;AG;CC;CC;CG;CG;AA;GT;CG;TT;CT;AT;AA;CT;TT;GG;CC;CC;TT;TT;AG;GG;GG;TT;AT;GG;AG;TT;AA;CC;AG;CC;CT;TT;GT;CC;GG;AG;CC;GG;AG;CC;TT;CC;AA;GG;CC;AA;GT;TT;CC;CT;AA;GT;AC;AG;AA;NA;CT;CT;AG;GG
1;CC;GG;GG;AA;CT;TT;GG;CC;TT;TT;GG;CC;TT;AA;GG;GG;AA;AG;AA;CC;CT;CC;AG;CC;CC;TT;GG;GG;CC;CC;GG;GG;TT;AC;AA;AT;CC;AG;AA;AG;CT;AC;CT;CC;TT;GG;CC;GG;CC;CC;AA;AC;AA;CC;AA;CC;TT;TT;GG;CC;CC;CC;GG;AC;GG;CC;GT;CC;TT;AA;CT;TT;GG;CG;CG;TT;TT;AG;GT;GG;TT;AT;GG;GG;TT;AA;CT;AG;CC;CT;TT;GT;CC;GG;AG;CT;GG;GG;CC;TT;CC;AA;GG;CC;AG;TT;TT;AC;CT;AA;TT;AC;AA;AG;NA;TT;CC;AA;GG
1;CC;AG;GG;AA;CT;TT;GG;CC;CT;TT;GG;CC;TT;AA;GG;GG;AA;AG;AC;AA;CC;CC;GG;CT;CT;TT;GG;AG;TT;CC;GG;GG;GG;AA;GG;AA;CC;AG;AG;AA;TT;AA;CC;TT;TT;GG;CC;GG;CC;CC;AA;CC;AA;AA;AA;CC;TT;TT;GG;CC;CC;CG;CC;AC;TT;CG;TT;CT;AT;AA;TT;TT;GG;GG;CG;TT;NA;AG;GG;GG;TT;NA;GG;GG;TT;AA;CC;AG;CC;TT;TT;GT;CC;GG;AG;CC;GG;AG;CC;TT;CC;GG;GG;CC;AG;GT;TT;AA;CC;AA;TT;AC;AG;AG;AA;CT;CT;AG;GG
1;CC;AG;AG;AG;CC;CT;GG;CT;CC;TT;CC;CC;CC;AG;GT;AG;AA;AG;AC;NA;CT;CT;GG;CT;CT;GT;GG;AG;CT;CT;GG;AG;GG;AA;AG;AA;CC;AA;AG;AG;CT;AC;CC;TT;CC;AG;AC;AG;CT;CT;AT;CC;AA;CC;AG;CC;GT;GT;GG;CC;NA;NA;NA;NA;NA;NA;NA;NA;NA;NA;NA;NA;NA;NA;NA;TT;TT;NA;NA;GG;NA;AT;GG;NA;NA;NA;NA;NA;NA;NA;NA;TT;NA;NA;NA;NA;NA;NA;NA;TT;NA;NA;NA;NA;NA;NA;NA;NA;NA;NA;NA;NA;NA;NA;AA;NA;NA;NA;NA
1;CC;GG;GG;AA;CC;CC;AG;CT;CC;TT;CC;CC;CC;AA;GG;GG;AA;NA;AA;CC;CT;CC;NA;CC;CC;TT;NA;GG;CC;CC;NA;NA;NA;NA;NA;NA;NA;NA;AG;NA;TT;AA;NA;NA;TT;GG;CC;GG;CC;CC;AA;NA;NA;NA;AA;CT;TT;TT;NA;NA;CC;CC;CC;AC;TT;CG;TT;CT;TT;AG;CT;AT;AG;CG;CC;TT;AT;AA;GG;GG;TT;AT;GG;GG;TT;AA;CC;AG;CC;TT;TT;GG;CC;GG;AG;CC;GG;GG;CC;TT;CT;GG;GG;CG;AA;TT;TT;AA;CC;AA;TT;AC;AG;AA;AA;CT;CT;AG;GG
1;CC;GG;GG;AA;CT;CT;GG;CC;CT;TC;CG;CC;CT;AG;GG;GG;AT;AG;AA;CC;CC;CC;GG;CT;CT;TT;GG;AG;CT;CC;AG;GG;TT;AC;AA;AT;CC;AG;AA;AA;TT;AA;CC;TT;TT;GG;CC;GG;CC;CC;AA;CC;AA;CC;AA;CC;TT;TT;GG;CT;CC;CG;CG;AA;TT;CC;GT;CC;AT;AA;CT;TT;GG;GG;GG;TT;TT;AA;TT;GG;TT;AT;GG;GG;TT;AA;CC;GG;CT;TT;TT;GT;CC;GG;GG;CC;GG;AG;CC;TT;CC;GG;GG;CC;GG;GT;CT;AA;CC;AA;TT;AC;AA;AG;AA;TT;CC;AA;GG
1;CC;GG;GG;AA;CT;TT;GG;CC;CC;TT;GG;CC;TT;AA;GG;GG;TT;AA;AA;NA;CT;CC;AG;CT;CT;TT;GG;AG;CC;CC;GG;GG;GG;AA;GG;AA;CC;GG;AA;AA;TT;AA;CC;TT;CT;GG;AC;GG;CT;CC;AT;CC;AA;CC;AA;CT;TT;TT;GG;CT;CC;CG;CC;AA;TT;CC;TT;CC;AT;AA;CT;TT;GG;CG;GG;TT;TT;AA;GG;GG;TT;AT;GG;AG;CT;AA;CC;AG;CC;CT;TT;GT;CC;GG;AG;CC;GG;AG;CC;TT;CC;AG;GG;CC;AG;GT;CT;AA;CC;AA;NA;AC;AA;AG;AA;TT;CC;AA;GG
1;TC;GG;AG;AG;CC;TT;AG;CC;TT;TT;CG;CC;CT;AG;GT;AG;AA;AG;AC;AC;CT;CC;AG;CC;CC;TT;GG;GG;CC;CC;GG;AG;GG;AA;AG;AA;CC;GG;AG;AA;TT;AA;CT;CT;CT;GG;AC;AG;CT;CT;AA;AC;AA;CC;AA;CC;TT;TT;GG;CC;CC;CG;CG;AC;TT;CG;GT;CT;TT;AA;CT;AA;GG;GG;CG;TT;TT;AA;GG;GG;TT;NA;GG;AG;TT;AA;CT;AG;CT;CT;TT;TT;CC;GG;AG;CC;GG;AG;CC;TT;CC;GG;GG;CC;AG;GT;CT;AA;CC;AA;TT;AC;AG;AG;AA;CT;CT;AG;GG
1;CC;AA;AG;AG;CC;CT;GG;CC;CT;TT;CG;CC;CT;AA;GG;GG;AA;AG;AC;CC;CC;CC;GG;CC;CC;TT;GG;GG;CC;CC;GG;GG;GT;AC;AG;AT;CC;AG;AA;AA;TT;AA;CC;CT;TT;GG;CC;GG;CC;CC;AA;AC;AA;CC;AG;CC;TT;GT;GG;CT;CC;CG;CG;AC;TT;CC;TT;CC;TT;GG;TT;AT;AG;CG;CC;TT;AT;AA;GG;GG;TT;AT;GG;AG;TT;AA;CC;AG;CT;CT;TT;GT;CC;GG;AG;CC;GG;AG;CC;TT;CT;AG;GG;GG;AG;TT;CT;AA;CC;AA;TT;AA;AA;AG;AA;TT;CC;AG;GG
1;CC;GG;GG;AA;CC;NA;AG;CC;CC;NA;CG;CT;CT;AA;GG;GG;AA;AG;AC;AC;CT;CC;GG;CC;CC;TT;GG;GG;CC;CC;GG;AG;GG;AA;AG;AA;CC;AG;AG;AG;TT;AA;TT;CC;TT;GG;CC;GG;CC;CC;AA;AA;AA;CC;AG;CC;TT;TT;GG;CT;CC;CG;GG;AC;TT;CG;GT;CT;TT;AA;CT;TT;GG;CG;CG;TT;TT;AA;GT;GG;TT;AT;GG;GG;TT;AA;CT;AG;TT;CT;TT;GT;CC;GG;AG;CC;GG;AG;CC;TT;CC;AG;GG;CC;AG;TT;CT;AC;CC;AA;TT;AC;AG;AG;AA;CT;CT;AG;GG
1;CC;AG;GG;AA;CC;CT;AG;CC;NA;TT;CG;CT;CT;AA;GG;GG;AA;AG;AA;CC;CT;CC;GG;CT;CT;TT;GG;AG;CC;CC;GG;AG;GT;AC;AG;AT;CC;AG;AA;AA;TT;AA;CC;TT;TT;GG;AC;GG;CC;CC;AA;CC;AA;AC;AA;TT;TT;TT;AG;CC;CC;CC;CC;AA;TT;CC;GT;CC;AT;AA;CT;TT;GG;GG;GG;NA;NA;AG;GG;NA;TT;NA;NA;GG;TT;AA;CC;AG;CT;TT;TT;NA;CC;GG;AG;CC;GG;GG;CC;NA;CC;AG;GG;CC;AG;GT;TT;AC;CC;AA;TT;AA;AA;AG;NA;TT;CC;AA;GG
1;CC;GG;AG;AG;CT;TT;GG;CC;CT;TT;CG;NA;CT;AG;GT;NA;NA;AG;AA;NA;CC;CC;AG;CC;NA;TT;AG;GG;CC;CC;GG;GG;GG;AA;AG;AA;CC;AG;AA;AA;TT;AA;CC;TT;CT;GG;AC;AG;CC;NA;AA;CC;AA;AC;AA;CC;NA;TT;GG;TT;NA;CC;CG;NA;GG;CC;NA;CC;TT;NA;NA;AA;NA;CC;NA;TT;TT;GG;NA;GG;TT;AT;GG;NA;TT;AA;CC;GG;NA;NA;NA;GT;NA;GG;NA;NA;GG;NA;CC;CT;NA;GG;NA;NA;NA;TT;TT;NA;CC;AA;NA;AC;AA;NA;AA;TT;CC;NA;GG
1;CC;GG;GG;AA;CC;CC;GG;TT;CC;TT;CC;CC;CC;AA;GT;AG;AT;NA;AA;CC;CC;CC;NA;CC;CC;GT;NA;GG;CC;CT;AA;NA;NA;AA;AA;NA;CC;NA;AG;NA;TT;AA;NA;NA;TT;AG;CC;GG;CC;CC;AT;NA;AA;NA;AA;CC;TT;TT;NA;CC;CC;CG;CG;AC;GT;CG;TT;CT;TT;AG;CT;AT;AG;CG;CC;TT;AT;AG;GG;GG;TT;AT;GG;AG;TT;AA;CC;AG;CC;CT;TT;GT;CC;GG;AG;CT;GG;AG;CC;TT;CT;AG;GG;CG;AA;TT;TT;AC;CC;AA;GT;AC;AG;AG;AA;CT;CT;AG;GG
1;TC;AG;AG;AG;CC;CC;AG;CT;CC;TT;CC;CC;CC;AA;GG;GG;NA;AG;AA;NA;CC;CC;GG;CC;TT;TT;GG;GG;NA;CC;AG;AG;GT;AC;AA;AT;CC;AG;GG;AA;TT;AA;CT;CT;TT;GG;CC;GG;CC;NA;AA;AC;AG;AC;AA;CT;TT;TT;AG;CC;NA;CC;CC;CC;TT;NA;TT;TT;NA;NA;TT;TT;GG;GG;NA;TT;TT;GG;GG;GG;TT;NA;GG;GG;TT;AA;CC;GG;CC;TT;TT;GG;CC;GG;GG;CC;GG;GG;CC;TT;CC;GG;GG;NA;AA;NA;TT;AA;CC;AA;NA;AC;NA;AA;AA;CC;NA;GG;GG
1;CC;AG;AA;GG;CT;CT;AG;CC;CT;TT;CG;CC;CT;AA;GG;GG;AT;AA;AC;AC;CC;CC;GG;CC;CT;TT;GG;GG;CC;CC;GG;GG;GT;AC;AG;AT;CC;GG;GG;AA;TT;AA;CT;CT;CT;GG;AC;AG;CT;CT;AA;AC;AA;CC;AA;CC;TT;TT;GG;CC;NA;NA;NA;NA;NA;NA;NA;NA;NA;NA;NA;NA;NA;NA;NA;TT;TT;NA;NA;GG;NA;AT;GG;NA;NA;NA;NA;NA;NA;NA;NA;GT;NA;NA;NA;NA;NA;NA;NA;TT;NA;NA;NA;NA;NA;NA;NA;NA;NA;NA;NA;NA;NA;NA;AA;NA;NA;NA;NA
1;CC;GG;GG;AA;CT;TT;GG;CC;CT;TT;GG;CC;TT;AA;GG;GG;AA;AA;CC;AA;CC;CC;AG;CC;CC;TT;AG;GG;CC;CC;GG;GG;TT;CC;AA;TT;CC;GG;AG;AA;CT;AA;CC;CT;TT;GG;CC;GG;CC;CC;AA;AC;AA;CC;AA;CC;TT;TT;GG;CT;CC;GG;CC;AC;TT;CG;TT;CT;TT;AA;TT;TT;GG;CG;CG;TT;TT;AA;GG;GG;TT;AT;GG;GG;TT;AA;CC;GG;CC;TT;TT;TT;CC;GG;GG;CC;GG;AA;CC;TT;CC;GG;GG;CC;AG;TT;CT;AC;CT;AA;TT;CC;AG;AG;AG;CT;CT;AG;GG
1;CC;GG;GG;AA;CC;CC;AG;CT;CC;TT;CC;CC;CC;AA;GG;GG;AT;AA;AA;CC;CC;CC;GG;CC;CT;TT;GG;AG;CC;CC;GG;GG;GT;AC;AA;AT;CT;AG;GG;AG;TT;AA;CC;TT;TT;GG;CC;GG;CC;CC;AA;CC;AA;CC;AA;CT;TT;TT;GG;CC;CC;CG;CG;CC;TT;GG;TT;TT;AT;AA;TT;TT;GG;GG;CC;TT;TT;AG;GG;GG;TT;AT;GG;GG;TT;AA;CC;GG;CC;TT;TT;TT;CC;GG;AA;CC;GG;AG;CC;TT;CC;GG;GG;CC;AA;GT;TT;AA;CC;AA;TT;AC;GG;AA;AA;CC;TT;GG;GG
1;CC;GG;GG;AA;CC;CT;GG;CC;CT;TT;CG;CT;CT;AA;GG;GG;AA;AG;AC;AC;CT;CT;GG;CC;CC;TT;GG;GG;CC;CC;GG;AG;GG;AA;AG;AA;CC;GG;AA;AA;TT;AA;CC;TT;TT;GG;CC;GG;CC;CC;AA;CC;AG;AC;AG;CC;GT;GT;AG;CT;CC;CG;CG;AA;GT;CC;GT;CC;TT;AA;CT;AA;GG;CG;GG;TT;NA;AG;GT;GG;TT;AT;GG;AG;TT;AG;CC;AG;TT;CT;TT;GT;CC;AG;AG;CC;GG;AG;CG;TT;CC;AG;GG;CC;AG;TT;TT;CC;CC;AA;TT;AC;AA;AG;AA;TT;CC;AA;CG
1;CC;AG;AG;AG;CC;CT;GG;CC;CC;TT;CC;CT;CC;AG;GG;AG;AT;AA;AA;CC;CT;CC;GG;CC;CT;TT;GG;AG;CC;CC;GG;GG;TT;CC;AA;TT;CC;GG;AG;AA;CT;AA;CC;TT;CT;GG;AC;AG;CC;CC;AA;AC;AA;CC;AG;CT;TT;GT;GG;CC;CC;CC;CG;AC;TT;CC;TT;CT;AT;AA;CT;TT;GG;CG;CG;TT;AT;AG;GG;GG;TT;AT;GG;AG;TT;AA;CC;AG;CC;TT;TT;GT;CC;GG;AG;CC;GG;GG;CC;TT;CC;GG;GG;CC;AG;GT;TT;AC;CC;AA;TT;AC;AG;AG;AA;CT;CT;AG;CG
1;TC;AG;GG;AA;CC;CC;AG;CT;TT;TT;CC;CC;CC;AA;GG;GG;AA;AA;AC;AC;CC;CC;AG;TT;TT;TT;GG;AG;TT;CC;GG;GG;GT;AC;AA;AT;CC;AG;AA;AA;TT;AA;CC;TT;TT;AG;CC;GG;CC;CC;AT;CC;AA;CC;AA;CC;TT;TT;AG;CC;CC;CG;CC;AA;TT;CC;TT;CC;AA;AA;TT;TT;GG;GG;GG;TT;TT;AG;GG;GG;TT;AT;GG;AG;TT;AA;TT;GG;CC;CT;TT;GT;CC;GG;GG;CC;GG;AG;CC;TT;CC;GG;GG;CC;GG;GT;TT;AA;CC;AA;GT;AA;AA;GG;AA;TT;CC;AA;GG
1;CC;AG;AG;AG;CC;CC;AG;CT;CC;TT;CC;CC;CC;AA;GG;GG;AA;AA;AA;CC;CT;CC;AA;CC;CC;TT;GG;GG;CC;CC;GG;GG;GG;AA;AA;AA;CC;GG;AA;AA;TT;AA;CT;CT;CT;GG;AC;GG;CT;CC;AT;AC;AA;CC;AA;CC;TT;TT;GG;CC;CC;CC;CC;AA;TT;CC;GG;CC;TT;AA;CT;TT;GG;GG;GG;TT;TT;AA;TT;GG;TT;AT;GG;AG;TT;AA;CC;AG;TT;CT;TT;GT;CC;GG;AG;CC;GG;GG;CC;TT;CC;GG;GG;CC;GG;TT;CT;AA;CC;AA;GT;AA;AA;AG;AA;TT;CC;AA;GG
1;CC;AG;AG;AG;CT;CT;GG;CC;CC;TT;CG;CC;CT;AA;GG;GG;AT;AG;AA;CC;CC;CC;GG;CC;CC;TT;GG;GG;CC;CC;GG;GG;GG;AA;GG;AA;CC;GG;AA;AA;TT;AA;CT;CT;CT;GG;AC;AG;CT;CT;AA;AC;AG;CC;AA;CT;TT;GT;AG;CC;CC;CG;CG;AA;TT;CC;GG;CC;TT;AA;CT;TT;GG;GG;GG;TT;TT;AA;TT;GG;TT;AT;GG;AG;TT;AA;CC;AG;CC;CT;TT;GT;CC;GG;AG;CC;GG;AG;CC;TT;CC;GG;GG;CC;GG;TT;CC;AC;CC;AA;TT;AC;AA;AG;AA;TT;CC;AA;GG
1;TC;GG;GG;AA;CC;CC;GG;CT;CC;TC;CC;CC;CC;AG;GG;GG;AA;AG;AA;CC;TT;CC;GG;CT;TT;TT;GG;AG;CT;CC;GG;GG;GG;AA;GG;AA;CC;AG;AA;AA;CT;AC;CC;TT;TT;GG;CC;GG;CC;CC;AA;AC;AA;CC;AA;CC;TT;TT;AG;CC;CC;CC;CG;AA;GT;CC;GT;CC;AA;AA;TT;TT;GG;CG;CG;TT;TT;AA;GT;GG;TT;AT;GG;GG;TT;AA;CT;GG;CC;TT;TT;GT;CC;GG;AG;CC;GG;GG;CC;TT;CC;AG;AG;CC;AG;GT;CT;AC;CT;AA;TT;AC;AA;AG;AA;TT;CC;AA;GG
1;CC;GG;GG;AA;CC;CT;GG;CT;CT;TT;CG;CC;CT;AA;GG;GG;AA;AA;AC;CC;CC;CC;AG;CC;CC;TT;GG;GG;TT;CC;GG;GG;TT;CC;AA;TT;CC;GG;AG;AA;TT;AA;CC;TT;TT;GG;CC;GG;CC;CC;AT;CC;AA;CC;AG;CC;TT;TT;GG;CC;CC;CG;CG;AC;TT;CC;GT;CT;TT;AA;TT;TT;GG;GG;CG;TT;TT;AA;GT;GG;TT;NA;GG;AG;TT;AA;CC;GG;CC;CT;TT;GT;CC;GG;AG;CC;GG;AG;CC;TT;CC;GG;GG;CC;AG;TT;TT;AA;CC;AA;GT;AA;AG;AG;AA;CT;CT;AG;GG
1;CC;GG;GG;AA;TT;TT;GG;CC;CC;TT;GG;CT;TT;AA;GG;GG;AA;AA;NA;CC;TT;CC;AA;CC;TT;NA;GG;NA;NA;CC;GG;GG;GT;AA;AG;AA;CT;AG;AG;AG;CT;NA;CC;TT;NA;NA;AA;NA;CC;NA;AA;CC;AA;CC;GG;TT;NA;NA;GG;CC;NA;CG;CC;AA;TT;NA;TT;TT;TT;NA;CT;TT;GG;GG;CC;TT;TT;GG;GG;GG;TT;AT;GG;GG;TT;NA;TT;AG;TT;TT;TT;GG;CC;NA;AG;CC;NA;GG;NA;TT;CC;GG;GG;CC;GG;TT;TT;AA;NA;NA;NA;AA;NA;AG;AA;TT;CC;AA;NA
1;CC;GG;GG;AA;CC;CT;GG;CT;CT;TT;CG;CC;CT;AA;GG;GG;AT;AG;AC;AC;CT;CT;AG;CT;CT;GT;GG;AG;CT;CT;AG;GG;GT;AA;AA;AT;TT;AA;AG;GG;CT;AC;CT;CT;CT;AG;AC;AG;CT;CT;AT;AC;AA;CC;AG;CT;GT;GT;GG;CC;CT;CG;CG;AC;GT;CG;GT;CT;AT;AG;CT;AT;AG;CG;CG;TT;AT;AG;GT;GG;NA;AT;GG;AG;CT;AG;CT;AG;CT;CT;CC;GT;AC;AG;AG;TT;AG;AG;CG;TT;CT;AG;AG;CG;AG;GT;CT;AC;CT;AG;GT;AC;AG;AG;AA;CT;CT;AA;CG
1;CC;GG;NA;NA;CC;CT;GG;CT;CT;TT;CG;CC;CT;AA;GG;GG;TT;AG;AA;CC;CC;CC;AG;CC;CC;TT;AG;GG;CC;CC;AG;AG;GT;AC;AG;AT;CT;AG;AG;AG;TT;AA;CT;CT;TT;GG;CC;GG;CC;CC;AA;AC;AG;AC;AA;CC;GT;TT;AG;CT;CC;GG;CC;AC;TT;CG;GT;CT;TT;AA;CT;TT;GG;GG;CG;TT;TT;AA;GG;GG;TT;AT;GG;GG;TT;AA;CC;AG;CC;TT;TT;GT;CC;GG;GG;CC;GG;AA;CC;TT;CC;GG;GG;CC;AG;TT;TT;AA;CC;AG;TT;AA;AG;AG;AA;CT;CT;AG;GG
1;TC;GG;GG;AA;CC;CT;GG;CT;CC;TT;CC;CC;CC;AG;GG;AG;AA;AA;AC;CC;CC;CC;GG;CC;CC;TT;GG;GG;CC;CC;GG;GG;GT;AC;AG;AT;CC;GG;AA;AA;TT;AA;CC;TT;CT;AG;AC;GG;CT;CC;AT;CC;AG;AC;AA;CT;TT;TT;AG;CC;CC;CG;CC;AA;TT;CC;TT;CC;TT;AG;CT;AT;AG;CG;CG;TT;TT;AG;GG;GG;TT;AT;GG;AG;CT;AA;CC;AG;CC;CT;TT;GT;CC;GG;AG;CC;GG;AG;CC;TT;CT;AG;GG;CG;AG;TT;TT;AA;CC;AA;GT;AC;AA;AG;AA;TT;CC;AA;GG
1;CC;AA;AA;GG;CC;CT;GG;CT;CT;TT;CG;CC;CT;AA;GG;GG;AT;AG;AC;CC;CT;CC;GG;CC;CC;TT;GG;GG;CC;CC;AG;GG;GT;AA;AA;AA;CC;AG;AA;AA;TT;AA;CT;CT;TT;GG;CC;GG;CC;CC;AA;AC;AG;AC;AA;CT;TT;TT;AG;CC;CC;CG;CC;AA;TT;CC;GT;CC;TT;AA;TT;TT;GG;GG;GG;TT;TT;AA;GG;GG;TT;AT;GG;GG;TT;AA;CC;AG;TT;TT;TT;GT;CC;GG;AG;CC;GG;AG;CC;TT;CC;GG;GG;CC;GG;TT;TT;AA;CC;AA;TT;AA;AA;AG;AA;TT;CC;AA;GG
1;CC;AG;AG;AG;CC;CC;GG;CC;CT;TC;CG;CC;CT;AG;GG;GG;AA;AA;AC;AC;CT;CC;GG;CT;CT;TT;GG;AG;CT;CC;GG;GG;GG;AA;AG;AA;CC;GG;AA;AA;CT;AC;CC;TT;TT;GG;CC;GG;CC;CC;AA;CC;AA;CC;AA;CT;TT;TT;GG;CC;CC;CG;CC;AA;GT;CC;GT;CC;TT;AA;TT;NA;GG;CG;CG;TT;TT;AA;GG;GG;TT;AT;GG;GG;TT;AA;CC;GG;TT;TT;TT;GT;CC;GG;AG;CC;GG;AG;CC;CT;CC;AG;GG;CC;AG;TT;CT;AC;CC;AA;TT;AC;AA;AG;AA;TT;CC;AA;GG
1;TC;AG;AG;AG;CT;TT;GG;CC;CC;TT;GG;CC;TT;AA;GG;GG;TT;AA;AA;CC;CC;CC;AA;CC;CC;TT;GG;GG;CC;CC;AG;GG;GT;AA;AG;AA;CC;AG;GG;AG;TT;AA;CC;TT;TT;GG;CC;GG;CC;CC;AA;CC;AA;CC;AA;TT;TT;TT;GG;CC;CC;GG;CC;CC;TT;GG;TT;TT;TT;AA;TT;TT;GG;GG;CC;TT;TT;AA;GG;GG;TT;AT;GG;GG;TT;AA;CC;GG;CC;TT;TT;GT;CC;GG;AG;CC;GG;AA;CC;TT;CC;GG;GG;CC;AA;TT;TT;AA;CC;AA;TT;AA;GG;AA;AA;CC;TT;GG;GG
1;CC;AA;AA;GG;CC;CT;GG;CT;CT;TT;CG;CC;CT;AA;GG;GG;NA;AG;NA;NA;NA;NA;GG;NA;NA;NA;GG;NA;NA;NA;AG;GG;GT;AA;AG;AA;CC;AG;NA;AA;NA;NA;CC;TT;NA;NA;NA;NA;NA;NA;NA;CC;AG;AC;NA;NA;NA;NA;GG;CC;NA;NA;NA;AC;TT;NA;NA;NA;NA;NA;TT;TT;GG;GG;NA;TT;TT;NA;NA;GG;TT;AT;GG;GG;TT;NA;CT;GG;CT;TT;TT;TT;CC;NA;AA;CC;NA;GG;NA;TT;CC;GG;GG;NA;AG;NA;CT;AA;NA;NA;NA;AA;NA;AG;AA;CT;NA;AA;NA
1;CC;AA;AA;GG;CT;CT;GG;CT;CT;TT;GG;CC;TT;AA;GG;GG;AA;AA;CC;AC;CC;CC;GG;CC;CC;TT;GG;GG;CC;CC;GG;GG;GT;AC;AG;AT;CC;NA;AA;AA;TT;AA;CC;TT;TT;GG;CC;GG;CC;CC;AA;CC;AA;AA;AA;CC;TT;TT;GG;CC;CC;GG;CG;AA;TT;CC;GG;CC;TT;AA;CT;TT;NA;CG;GG;TT;TT;AA;TT;GG;TT;AT;GG;GG;TT;AA;CC;NA;NA;TT;TT;GT;CC;GG;NA;CC;GG;AA;CC;TT;CC;AG;GG;CC;GG;TT;CC;NA;CC;AA;TT;AC;AA;NA;AG;TT;CC;AA;GG
1;CC;GG;GG;AA;TT;TT;GG;CC;TT;TT;GG;CC;TT;AA;GG;GG;AT;NA;AA;CC;CC;CT;NA;CC;CC;TT;GG;AG;CC;CC;GG;AA;NA;CC;NA;NA;CC;AA;AG;NA;CT;AA;NA;NA;TT;GG;CC;GG;CC;CC;AA;CC;AA;NA;AG;CC;TT;GT;NA;CC;CC;CC;CG;AA;TT;CC;TT;CC;AA;AA;CT;TT;GG;GG;GG;TT;TT;AA;GG;GG;TT;AT;GG;AG;TT;AA;CC;GG;CC;CT;TT;GT;CC;GG;AG;CC;GG;GG;CC;CT;CC;GG;GG;CC;GG;GT;TT;AA;CC;AA;GT;AC;AA;AG;AA;TT;CC;AA;GG
1;CC;GG;AG;AG;CT;CT;GG;CC;TT;TC;CG;NA;CT;AG;NA;NA;AA;GG;AA;CC;CT;CC;AG;CT;CT;TT;GG;AG;CT;CC;GG;GG;GG;AA;GG;AA;CC;NA;AA;AA;TT;AA;CC;TT;TT;AG;CC;GG;CC;CC;AT;CC;AA;CC;AA;CC;TT;TT;NA;CT;CC;CC;CG;AC;GG;CG;TT;CT;TT;AG;CC;TT;NA;NA;CG;TT;TT;AA;GG;GG;TT;AT;GG;NA;NA;AA;NA;AA;NA;NA;TT;GT;CC;GG;NA;NA;AG;AA;CG;TT;CC;GG;NA;CC;AA;TT;NA;NA;CT;AA;TT;AA;AG;NA;AA;NA;CT;NA;CG
1;TC;GG;GG;AA;CC;CT;AG;CC;TT;TT;CC;CC;CC;AG;GT;AG;AA;AA;AA;CC;CC;CC;AG;CC;CT;GT;GG;AG;CC;CT;AG;GG;GT;AA;AG;AA;CC;AG;AA;AA;TT;AA;CT;CT;TT;AG;AC;AG;TT;CT;AT;AC;AA;AC;AA;CT;TT;TT;GG;CT;CC;CC;CC;AA;TT;CC;GT;CC;AT;AA;TT;TT;GG;GG;GG;TT;TT;GG;TT;GG;TT;AT;GG;AG;TT;AA;CC;GG;TT;CC;TT;TT;CC;GG;GG;CC;GG;GG;CC;TT;CC;GG;GG;CC;GG;GT;CC;AA;CC;AA;GT;AC;AA;GG;AA;TT;CC;AA;GG
1;CC;AG;GG;AA;CT;CT;AG;CC;CC;TT;CG;NA;CT;AA;NA;NA;AT;AA;AA;CC;CC;CC;AG;CC;CC;TT;GG;GG;CC;CC;GG;GG;GG;AA;GG;AA;CC;GG;AG;AA;TT;AA;CT;CT;TT;GG;CC;GG;CC;CC;AA;AA;AA;CC;AA;CC;TT;TT;GG;CC;CC;CG;CG;AC;TT;CC;GT;CT;TT;AA;CT;TT;GG;GG;CG;TT;AT;AA;GT;GG;TT;AT;GG;GG;TT;AA;CC;GG;TT;TT;TT;GT;CC;GG;GG;CC;GG;AG;CC;TT;CC;GG;GG;CC;AG;TT;CT;AA;CC;AA;TT;AC;AG;AG;AA;CT;CT;AG;GG
1;CC;AA;AA;GG;CC;CT;GG;CC;CT;TC;GG;CT;CC;AG;GG;GG;AT;AA;AC;AC;CC;CC;GG;CT;CT;TT;GG;AG;CC;CC;GG;GG;GG;AC;AG;AT;CC;GG;AG;AA;TT;AA;CC;TT;TT;AG;CC;GG;CC;CC;AT;CC;AA;CC;AA;CT;TT;TT;GG;CC;CC;GG;CG;AC;TT;CG;TT;CT;AT;AG;CT;AT;AG;CC;CC;TT;TT;AA;GG;GG;TT;NA;GG;AG;TT;AA;CC;AG;CT;CT;TT;GT;CC;GG;AG;CC;GG;AA;CC;TT;CT;AG;GG;CG;AA;GT;TT;AC;CC;AA;GT;AA;AG;AA;AA;TT;CT;AG;GG
1;CC;AG;AG;AG;CT;CT;AG;CC;CT;TT;CG;CC;CT;AA;GG;GG;AA;AG;AA;AC;CT;CC;AG;CC;CT;GT;AG;GG;CC;CT;AG;GG;TT;AC;AA;AT;CC;AG;AA;AA;CT;AA;CT;CT;CT;GG;AC;AG;CT;CC;AA;CC;AA;CC;AG;CT;TT;TT;AG;CC;CC;CC;CG;AA;TT;CC;GT;CC;TT;AA;CT;AA;GG;CG;GG;TT;TT;AA;GG;GG;TT;AT;GG;AG;TT;AA;CT;GG;CT;CT;TT;GT;CC;GG;AG;CC;GG;GG;CC;TT;CC;GG;GG;CC;GG;TT;CC;AC;CT;AA;TT;AA;AA;AG;AA;TT;CC;AA;CG
1;CC;AG;AG;AG;CC;CT;GG;CT;CT;TT;CG;CC;CT;AA;GG;GG;AA;AA;NA;NA;NA;NA;GG;CC;NA;TT;GG;NA;CC;NA;GG;GG;GG;AA;AG;AA;CT;AG;NA;AG;TT;NA;CC;CT;TT;NA;NA;NA;CC;CC;NA;AC;AA;CC;NA;NA;NA;NA;GG;CC;NA;NA;CC;AA;TT;NA;NA;NA;TT;NA;CT;AT;AG;CG;NA;TT;TT;NA;NA;GG;TT;AT;GG;AG;TT;NA;CT;AG;CC;CT;TT;TT;CC;GG;AG;CC;NA;GG;NA;TT;CT;AG;GG;NA;AG;TT;TT;AA;NA;NA;NA;AA;NA;AG;AA;TT;CC;AA;GG
1;CC;AG;AG;AG;CC;CC;AA;CC;CC;TT;CC;CT;CC;AA;GG;GG;TT;AA;AA;CC;CC;CC;GG;CC;CC;TT;GG;GG;CC;CC;GG;GG;GT;AC;AG;AT;CC;GG;GG;AA;TT;AA;CC;TT;TT;GG;CC;GG;CC;CC;AA;CC;AA;CC;AA;CT;TT;TT;GG;CC;CC;GG;CC;CC;TT;CC;TT;TT;TT;AA;TT;NA;GG;GG;CC;TT;TT;AA;GG;GG;TT;NA;GG;GG;TT;AA;CC;GG;CC;TT;TT;TT;CC;GG;AG;CC;GG;AA;CC;TT;CC;GG;GG;CC;AA;TT;TT;AA;CC;AA;TT;AC;GG;AA;AA;CC;TT;GG;GG
1;CC;AG;AG;AG;CT;TT;GG;CC;TT;TT;CC;CC;TT;AA;GG;GG;NA;AA;AA;NA;CC;CC;GG;CC;CC;TT;GG;GG;CC;CC;GG;GG;TT;CC;AA;TT;CC;GG;AA;AA;TT;AA;CC;TT;TT;GG;CC;GG;CC;NA;AT;CC;AA;CC;AA;CC;TT;TT;GG;CT;CC;CG;CG;AA;TT;CC;TT;CC;TT;NA;TT;TT;GG;GG;NA;TT;TT;AG;GG;GG;TT;AT;GG;AG;CT;AA;TT;GG;CC;CT;TT;TT;CC;GG;GG;CC;GG;AG;CC;TT;CC;GG;GG;CC;AG;TT;TT;AA;CC;AA;NA;AA;AA;AA;AA;TT;CC;AA;GG
1;CC;GG;AG;AG;CC;CC;GG;CT;NA;NA;CC;CC;CC;AA;GG;GG;AA;AA;AC;CC;CT;CT;GG;TT;TT;TT;GG;AA;CC;CC;GG;GG;GT;AA;AA;AA;CC;GG;AA;AA;TT;AA;CT;CT;TT;GG;AC;GG;CC;CC;AA;AC;AA;CC;AA;CC;TT;TT;GG;CC;CT;CG;CG;AA;TT;CC;GG;CC;AA;AA;CC;TT;AA;CC;GG;TT;TT;AA;TT;GG;TT;NA;GG;GG;TT;AA;NA;NA;NA;NA;TT;TT;CC;GG;GG;NA;GG;NA;CC;TT;CC;AA;GG;CC;GG;GG;CC;NA;CC;AA;TT;AC;AA;NA;AA;TT;CC;NA;CG
1;CC;AG;AG;AG;CT;CT;GG;CT;CT;TT;CG;CT;CT;AA;GG;GG;AA;NA;AA;CC;CT;CC;AA;CC;CC;TT;GG;GG;CC;CC;NA;GG;NA;AA;NA;AA;CC;NA;GG;NA;TT;AA;CC;TT;CT;GG;AC;GG;CT;CC;AT;CC;AA;NA;AA;CC;TT;TT;NA;CC;CC;CC;CC;CC;TT;GG;TT;TT;TT;AA;TT;TT;GG;GG;CC;NA;NA;AG;GG;GG;TT;NA;GG;AG;TT;AA;CT;GG;CC;CT;TT;NA;CC;GG;GG;CC;GG;GG;CC;TT;CC;GG;GG;CC;AA;TT;TT;AA;CC;AA;GT;AC;GG;AA;AA;CC;TT;GG;GG
1;CC;GG;GG;AA;CC;TT;GG;CC;CT;TT;GG;CT;TT;AA;GT;AG;AT;AA;AA;CC;CC;CC;AG;CC;CT;TT;GG;AG;CC;CC;GG;GG;TT;CC;AA;TT;CC;GG;AA;AA;TT;AA;CT;CT;TT;GG;CC;GG;CC;CC;AA;AC;AA;CC;AA;CT;GT;TT;GG;CT;CC;CC;CC;AA;TT;CC;TT;CC;TT;AG;TT;AT;AG;CC;CG;TT;TT;AA;GG;GG;TT;AT;GG;GG;TT;AA;CC;GG;TT;TT;TT;GT;CC;GG;GG;CC;GG;GG;CC;TT;CT;GG;GG;CC;AG;TT;CT;AA;CC;AA;TT;AC;AA;AG;AA;TT;CC;AA;CG
1;CC;GG;GG;AA;CC;CC;AG;CT;TT;TT;CC;CC;CC;AA;GG;GG;AA;AA;AC;AC;CC;CC;AG;CT;CT;TT;GG;AG;CC;CC;GG;GG;GT;AA;AA;AA;TT;AA;AA;GG;TT;AA;CC;TT;TT;AG;CC;GG;CC;CC;AT;CC;AA;CC;AA;CT;TT;TT;GG;CC;CC;CG;CC;AA;TT;CC;GT;CC;AT;AG;TT;AT;AG;CC;CG;TT;TT;AG;GT;GG;TT;AT;GG;AG;TT;AA;CC;GG;TT;CT;TT;GG;CC;GG;GG;CC;GG;AG;CC;TT;CT;GG;GG;CG;AG;GT;CT;AA;CC;AA;GT;AA;AA;AG;AA;TT;CC;AA;GG
1;CC;AG;AG;AG;CC;CC;AG;CT;CC;TT;CC;CC;CC;AA;GG;GG;AT;AA;AA;CC;CC;CC;AG;CC;CC;TT;GG;GG;CC;CC;AG;GG;GT;AA;AG;AA;CC;AG;AG;AA;TT;AA;CT;CT;TT;GG;CC;GG;CC;CC;AT;AC;AA;CC;AA;CT;GT;GT;GG;CC;CC;CG;GG;AC;TT;CG;GT;CT;TT;AA;TT;TT;GG;GG;CG;TT;TT;AG;GG;GG;TT;AT;GG;AG;TT;AA;CC;GG;CC;CT;TT;GT;CC;GG;AG;CC;GG;AG;CC;TT;CC;GG;GG;CC;AG;TT;CT;AA;CC;AG;GT;AC;AG;AG;NA;CT;CT;AG;GG
1;CC;AA;AG;AG;NA;CC;AG;CT;NA;NA;CC;CC;CC;AA;GG;GG;AT;AA;AC;AC;CC;CC;GG;CT;CT;TT;GG;AG;CC;CC;GG;GG;GT;AC;AG;AT;CC;GG;AA;AA;TT;AA;CT;CT;TT;GG;CC;GG;CC;CC;TT;AC;AA;CC;AA;CC;TT;TT;GG;CC;CC;GG;CC;AA;GT;CC;GT;CC;AT;AA;CT;TT;AG;CG;GG;TT;TT;AA;GG;GG;TT;AT;GG;AG;TT;AA;CT;AG;CT;CC;TT;GT;CC;GG;AG;CT;GG;AA;CC;CT;CC;AG;GG;CC;AG;GT;TT;AC;CC;AA;GG;AA;AA;AG;AA;TT;CC;AG;GG
1;CC;GG;AG;AG;CC;CC;AG;CT;CC;TT;CC;CC;CC;AA;GG;GG;NA;AG;NA;NA;CT;CC;AG;CC;CC;NA;GG;NA;CC;CC;GG;AG;GG;AA;AG;AT;CC;AG;AA;AA;CT;AA;CT;CT;TT;GG;AC;AG;NA;NA;NA;AC;AG;AC;AG;CC;NA;GT;AG;CC;NA;GG;CC;AC;TT;CC;TT;NA;NA;NA;CT;TT;GG;CC;NA;NA;NA;AA;GG;NA;TT;NA;NA;GG;TT;AA;CT;AG;CC;TT;TT;NA;CC;NA;GG;CC;GG;AA;CG;NA;CC;AG;GG;NA;AG;NA;TT;AC;NA;AA;NA;AA;AA;AG;NA;TT;NA;AG;CG
1;CC;GG;GG;AA;CC;CT;GG;CT;CC;TT;CG;CC;CT;AA;GG;GG;AT;AG;AC;AC;CC;CC;GG;CC;CC;TT;GG;GG;CC;CC;GG;GG;GG;AC;AA;AT;CC;AG;AA;AG;TT;AA;CC;TT;TT;GG;CC;GG;CC;CC;AA;CC;AA;AA;AA;CC;TT;TT;AG;CC;CC;GG;CC;AA;TT;CC;GG;CC;TT;AA;CT;TT;GG;GG;GG;TT;TT;AA;TT;GG;TT;AT;GG;GG;TT;AA;CC;AG;TT;TT;TT;GT;CC;GG;AG;CC;GG;AA;CC;TT;CC;GG;GG;CC;GG;TT;CT;AA;CC;AA;TT;CC;AA;AG;AA;TT;CC;AA;GG
1;CC;AG;AG;AG;CC;TT;GG;CC;TT;TT;CG;CC;CT;AA;GG;GG;AA;AG;AA;CC;CC;CC;GG;CC;CC;TT;GG;GG;CC;CC;GG;GG;GG;AA;GG;AA;CC;GG;AG;AA;CT;AA;CC;TT;TT;GG;AC;AG;CT;CT;AA;CC;AA;CC;AA;CT;TT;TT;GG;CC;CC;CC;GG;AC;TT;CG;TT;CT;TT;AA;CT;TT;GG;CG;CG;TT;TT;AG;GG;GG;TT;NA;GG;GG;TT;AA;CC;GG;CC;CT;TT;GT;CC;GG;AG;CC;GG;GG;CC;TT;CC;GG;GG;CC;AG;TT;TT;CC;CT;AA;TT;AC;AG;AG;AA;CT;CT;AG;GG
1;CC;AG;AG;AG;CT;CT;GG;CC;CT;TT;CG;CC;CT;AA;GG;GG;NA;AA;AA;NA;CT;CC;GG;CC;NA;TT;GG;AG;CC;CC;GG;GG;GT;AC;AA;AT;CC;AG;AA;AG;CT;AA;CC;TT;TT;GG;CC;GG;CC;NA;NA;AC;AA;CC;AG;CC;TT;TT;GG;CC;CC;CC;CC;AA;TT;CC;TT;CC;NA;NA;NA;TT;GG;CC;NA;TT;TT;AG;GG;GG;TT;NA;GG;AG;TT;AA;CC;GG;NA;CT;TT;TT;CC;GG;NA;CC;GG;GG;CC;TT;CC;GG;GG;NA;GG;TT;CC;CC;NA;AA;NA;AC;AA;NA;AA;TT;NA;AA;GG
1;CC;AG;AG;AG;CC;CC;AG;CT;CC;TT;GG;CT;CC;AA;GG;GG;AA;AA;CC;AA;CC;CC;AG;CC;CC;TT;AG;GG;CC;CC;GG;GG;GG;AA;AG;AA;CC;AA;AA;AG;TT;AA;CT;TT;TT;GG;CC;GG;CC;CC;AA;AC;AA;CC;AA;CC;TT;TT;GG;CT;CC;GG;CG;AA;TT;CC;GT;CC;TT;AA;CT;TT;GG;GG;GG;TT;TT;AA;TT;GG;TT;NA;GG;GG;TT;AA;CT;AG;CT;TT;TT;GT;CC;GG;AG;CC;GG;AA;CC;TT;CC;AG;GG;CC;AG;TT;CT;AC;CC;AA;TT;AC;AA;AG;AA;TT;CC;AA;GG
1;CC;AG;AG;AG;CT;CT;GG;CC;CT;TT;GG;CT;CT;AA;GG;GG;AA;AG;AC;AC;CC;CC;GG;CT;CC;TT;GG;GG;CC;CC;GG;AG;GG;AA;GG;AA;CC;AG;GG;AA;TT;AA;CC;TT;TT;GG;CC;GG;CC;CC;AA;CC;AG;AC;AA;CC;TT;TT;AG;CT;CC;CG;CG;CC;TT;GG;TT;TT;TT;AA;TT;TT;GG;GG;CC;TT;TT;AA;GG;GG;TT;NA;GG;GG;TT;AA;CC;GG;CC;TT;TT;GT;CC;GG;AG;CC;GG;AG;CC;TT;CC;GG;GG;CC;AA;TT;TT;AA;CC;AA;TT;AC;GG;AA;AA;CC;TT;GG;GG
1;CC;GG;GG;AA;CT;TT;GG;CC;CT;TT;CG;CT;CT;AG;GT;AG;AA;AA;AC;CC;CT;CC;GG;CT;CT;TT;GG;AG;CC;CC;GG;GG;TT;CC;AA;TT;CC;GG;AA;AA;TT;AA;CC;TT;TT;GG;AC;AG;CT;CT;AT;CC;AA;CC;AA;CC;TT;TT;GG;CC;CC;CG;CC;AA;GT;CC;GT;CC;AT;AA;CT;TT;AG;CG;GG;TT;TT;AG;GT;GG;TT;AT;GG;AG;TT;AA;CT;AG;CT;CT;TT;GT;AC;GG;AG;CT;GG;AG;CC;TT;CC;AG;GG;CC;AG;GT;CT;AC;CC;AA;GT;AA;AA;AG;AA;CT;CC;AG;GG
1;TC;GG;GG;AA;CT;CT;GG;CT;CC;TT;CG;CC;CT;AA;GG;GG;AT;AG;AC;AC;CC;CT;GG;CT;CT;GT;GG;AG;CT;CT;GG;AG;GG;AA;AG;AA;CT;AG;AG;AG;CT;AC;CT;CT;CT;AG;AC;AG;CT;CT;AT;AC;AA;AC;GG;CT;GT;GT;AG;CC;NA;CG;CG;NA;TT;CG;GT;CT;AT;AG;NA;NA;NA;NA;CG;TT;NA;AG;GT;GG;AA;NA;GG;NA;NA;AG;NA;NA;NA;NA;NA;GT;NA;AG;NA;NA;AG;AG;CG;TT;NA;NA;NA;CG;NA;TT;TT;NA;CT;AG;GG;NA;AG;NA;NA;NA;CT;NA;CG
1;CC;GG;AG;AG;CT;CT;GG;CC;CT;TT;CG;CC;CT;AA;GG;GG;NA;AA;NA;NA;NA;NA;GG;CC;NA;NA;GG;NA;CC;CT;AG;GG;GT;AA;AG;AA;CC;AG;AG;AA;NA;NA;CT;CT;NA;NA;NA;NA;NA;NA;NA;AC;AA;CC;NA;NA;NA;GG;GG;CT;NA;NA;NA;AC;GT;NA;NA;NA;NA;NA;CT;AT;AG;CG;NA;NA;NA;NA;NA;GG;NA;NA;GG;AG;TT;AA;CT;AG;CT;CT;CC;NA;AC;NA;AG;TT;NA;AG;NA;NA;CT;AG;AG;NA;AG;NA;CT;AC;NA;NA;NA;AC;NA;AG;NA;CT;NA;AG;NA
1;CC;GG;GG;AA;NA;NA;NA;NA;NA;NA;NA;TT;NA;NA;GT;NA;AT;GG;AA;CC;CT;CC;NA;CC;CC;TT;AA;GG;NA;CC;NA;NA;NA;AA;NA;NA;NA;NA;AA;NA;TT;AA;NA;NA;TT;GG;CC;GG;CC;CC;AT;CC;NA;NA;NA;CC;NA;TT;NA;NA;CC;CG;CC;AA;TT;CC;GT;CC;TT;AG;CT;AT;AG;CC;CG;TT;TT;NA;GT;GG;TT;AT;GG;AG;TT;AA;CC;GG;CC;CT;TT;GT;CC;GG;AG;CC;GG;AG;NA;TT;CT;GG;GG;CG;AG;TT;CT;AA;CC;AA;TT;AC;AA;AG;NA;TT;CC;AA;GG
1;CC;AG;AG;AG;CC;TT;GG;CC;NA;TT;CG;CC;CT;AA;GG;GG;AT;AG;AC;AC;CC;CC;AG;CC;CC;TT;AG;GG;CC;CC;AG;AG;GT;AC;AG;AT;CT;AG;AG;AG;TT;AA;CC;CT;TT;GG;CC;GG;CC;CC;AA;AC;AG;AC;AA;CC;TT;TT;AG;CT;CC;GG;CC;AC;TT;CC;GT;CT;TT;AA;CT;TT;GG;GG;CG;TT;TT;AA;GT;GG;TT;NA;GG;GG;TT;AA;CC;GG;TT;TT;TT;GT;CC;GG;AG;CC;GG;AA;CC;TT;CC;GG;GG;CC;AG;TT;TT;AA;CC;AA;TT;AA;AG;AG;AA;CT;CT;AG;GG
1;CC;AG;AG;AG;CC;CC;GG;TT;CC;TT;CG;CC;CT;AA;GG;GG;AA;AG;AC;AC;CC;CC;GG;CT;CT;TT;GG;GG;CC;CC;GG;GG;GT;AC;AG;AT;CC;GG;AA;AA;TT;AA;CC;TT;TT;GG;AC;GG;CC;CC;AA;CC;AA;CC;AG;CC;TT;TT;GG;CC;CC;CG;GG;AA;TT;CC;GT;CC;AT;AA;CT;TT;GG;CG;GG;TT;NA;AA;GT;GG;TT;NA;GG;GG;TT;AA;CC;AG;CT;TT;TT;TT;CC;GG;AG;CC;GG;AG;CC;TT;CC;AG;GG;CC;AG;TT;CT;CC;CC;AA;TT;AC;AA;AG;AA;TT;CC;AA;GG
1;CC;AG;AA;AG;CC;CT;AG;CC;NA;TT;CC;CT;CC;AA;GG;GG;AA;AG;AA;CC;CT;CC;AG;CT;CT;TT;GG;AG;CT;CC;GG;GG;GG;AA;AG;AA;CC;AG;AG;AA;TT;AA;CC;TT;TT;GG;AC;AG;CC;CC;AT;CC;AG;CC;AG;CC;TT;GT;GG;CC;CC;CC;CG;AC;TT;CG;TT;CT;AT;AG;CT;AT;AG;CG;CG;TT;TT;AA;GG;GG;TT;AT;GG;AG;TT;AA;CC;GG;CT;CT;TT;GG;CC;GG;AG;CC;GG;GG;CC;TT;CT;AG;GG;CG;AA;TT;TT;AA;CC;AA;GT;CC;AG;AA;AA;CT;CT;AG;CG
1;TC;AG;AG;AA;TT;TT;GG;CC;TT;TT;GG;NA;TT;AA;NA;NA;AA;AA;AA;CC;CC;CC;NA;CC;CC;TT;GG;GG;CC;CC;GG;GG;NA;AA;AA;NA;CC;AA;AA;AG;TT;AA;NA;TT;TT;GG;CC;GG;CC;CC;AT;AA;AA;NA;AA;CC;TT;TT;NA;TT;CC;CC;CG;AA;TT;CC;GT;CC;TT;AG;CT;AT;AG;CC;CG;TT;NA;AG;GG;GG;TT;NA;GG;AG;TT;AA;CC;GG;TT;CT;TT;GT;CC;GG;GG;CC;GG;GG;CC;TT;CT;GG;GG;CG;AG;TT;CT;AA;CC;AA;GT;AC;AA;AG;AA;TT;CC;AA;GG
1;CC;GG;GG;AG;NA;CT;AG;CC;NA;NA;CG;CC;CT;AG;GG;GG;AT;AG;AA;CC;CC;CC;GG;CC;CC;TT;GG;GG;CC;CC;AG;GG;GT;AA;AG;AA;CC;AG;AG;AA;TT;AA;CT;CT;TT;GG;AC;AG;CT;CT;AA;AC;AA;AC;AA;CT;TT;TT;GG;CC;CC;CG;CC;AC;TT;CG;GT;CT;TT;AA;CT;TT;GG;GG;CG;TT;TT;AG;GT;GG;TT;AT;GG;AG;TT;AA;TT;GG;CT;CT;TT;TT;CC;GG;NA;CC;GG;AG;CC;TT;CC;GG;GG;CC;AG;TT;TT;AA;CC;AA;TT;AA;AG;AG;AA;CT;CT;AG;GG
1;CC;AG;GG;AG;CC;CT;GG;CC;CC;TC;CC;CC;CC;GG;GG;AG;NA;AA;NA;NA;NA;NA;GG;NA;NA;NA;GG;NA;NA;NA;GG;GG;GT;AC;AG;AT;CC;GG;NA;AA;NA;NA;CC;TT;NA;NA;NA;NA;NA;NA;NA;AC;AA;CC;NA;NA;NA;NA;GG;TT;NA;NA;NA;NA;NA;NA;NA;NA;NA;NA;NA;NA;NA;NA;NA;NA;NA;NA;NA;NA;NA;NA;NA;NA;NA;NA;NA;NA;NA;NA;NA;NA;NA;NA;NA;NA;NA;NA;NA;NA;NA;NA;NA;NA;NA;NA;NA;NA;NA;NA;NA;NA;NA;NA;NA;NA;NA;NA;NA
1;CC;GG;GG;GG;CT;TT;GG;CC;TT;TT;GG;CT;TT;AA;GG;GG;AT;NA;AA;CC;CT;CC;NA;CC;CC;TT;NA;GG;CC;CC;NA;NA;NA;NA;NA;NA;NA;NA;AA;NA;TT;AA;NA;NA;TT;GG;CC;GG;CC;CC;AT;NA;NA;NA;AA;CT;TT;TT;NA;NA;CC;CG;CG;AA;TT;CC;GT;CC;TT;AA;CT;TT;GG;GG;GG;TT;TT;AA;TT;GG;TT;AT;GG;AG;TT;AA;CT;GG;TT;CT;TT;GT;CC;GG;AG;CC;GG;AG;CC;TT;CC;GG;GG;CC;GG;TT;CC;AA;CC;AA;GT;AA;AA;AG;AA;TT;CC;AA;GG
1;CC;AA;AA;AA;CC;CT;GG;CT;CT;TT;CG;CC;CT;AA;GG;GG;AA;AA;AA;CC;CT;CC;GG;CC;CC;TT;GG;GG;CC;CC;GG;GG;GG;AA;GG;AA;CC;GG;AG;AA;TT;AA;CT;TT;TT;GG;CC;GG;CC;CC;AA;AC;AA;CC;AG;CT;TT;TT;GG;CC;CC;CC;CG;NA;NA;CG;GT;CT;TT;AA;NA;NA;NA;NA;CG;TT;TT;AG;GT;GG;NA;AT;GG;NA;NA;AA;NA;NA;NA;NA;NA;TT;NA;GG;NA;NA;GG;NA;CC;TT;NA;NA;NA;CC;NA;TT;NA;NA;CC;AA;TT;NA;AG;NA;AA;NA;CT;NA;GG
1;CC;AG;GG;NA;CT;TT;GG;CC;TT;TT;CG;CC;CT;AG;GT;AG;AT;NA;AA;CC;CC;CC;NA;CT;CT;TT;NA;AG;CC;CC;NA;NA;NA;NA;NA;NA;NA;NA;AG;NA;TT;AA;NA;NA;TT;GG;CC;GG;CC;CC;AA;NA;NA;NA;AG;CC;TT;TT;NA;NA;CC;CC;CC;AA;TT;CC;TT;CC;TT;AA;CT;TT;GG;CC;GG;TT;TT;AA;GG;GG;TT;AT;GG;AG;TT;AA;CC;GG;CC;CT;TT;GT;CC;GG;GG;CC;GG;GG;CC;TT;CC;GG;GG;CC;GG;TT;CT;CC;CT;AA;GT;AC;AA;AG;AA;TT;CC;AA;GG
1;NA;GG;AG;NA;CC;CT;AG;CC;CT;TT;CG;CT;CT;AA;GG;GG;AA;AA;AC;NA;CT;CC;GG;CC;CT;TT;GG;GG;CC;CC;GG;GG;GG;AA;AA;AA;CC;AG;AA;AG;TT;AA;CT;CT;TT;GG;CC;GG;CC;CC;AA;AC;AA;CC;AA;CC;TT;TT;GG;TT;CC;CG;CC;AA;TT;CC;GT;CC;TT;GG;CC;AA;AG;CC;CC;TT;AT;AA;GT;GG;TT;AT;GG;GG;TT;AA;CC;GG;NA;TT;TT;GT;CC;GG;GG;CC;GG;AG;CC;TT;CT;GG;GG;CC;AG;TT;CT;AA;CC;AA;TT;AC;AA;AG;AA;TT;CC;AA;GG
1;CC;AG;AG;AG;CC;CT;GG;CT;CT;TT;CG;CC;CT;AA;GG;GG;AT;AA;AC;CC;CT;CT;GG;CC;CC;TT;GG;GG;CC;CC;AG;GG;GT;AA;AG;AA;CC;AG;AA;AA;TT;AA;CC;TT;TT;GG;CC;GG;CC;CC;AA;CC;AA;CC;AG;CC;TT;TT;GG;CC;CC;GG;CG;AA;TT;CC;GT;CC;AT;AG;CT;AT;AG;CG;CG;TT;TT;AA;GT;GG;TT;AT;GG;GG;TT;AA;CC;GG;TT;TT;TT;TT;CC;GG;AG;CC;GG;AA;CC;TT;CT;GG;GG;CG;AG;TT;CT;AA;CC;AA;TT;AC;AA;AG;AA;TT;CC;AA;CG
1;CC;AG;AG;AG;CC;CC;GG;CT;CC;NA;CC;CC;CC;AA;GG;GG;AA;AA;CC;AC;CT;CC;GG;CC;CC;TT;GG;GG;CC;CC;GG;GG;GT;AC;AA;AT;CC;GG;AG;AA;TT;AA;CC;TT;TT;GG;CC;GG;CC;CC;AT;CC;AA;CC;AA;CC;TT;TT;GG;CC;CC;CG;CC;AC;TT;CG;TT;CT;TT;AA;TT;TT;GG;GG;CG;TT;TT;AA;GG;GG;TT;AT;GG;AG;TT;AA;CT;AG;CC;CT;TT;TT;CC;GG;GG;CC;GG;AG;CC;TT;CC;GG;GG;CC;AG;TT;TT;AA;CC;AA;GT;AA;AG;AG;AA;CT;CT;AG;GG
1;CC;GG;AA;AG;CC;CT;GG;CT;CT;TT;CC;CC;CT;AA;GG;GG;AA;AA;AC;AC;CT;CC;GG;CC;CC;TT;GG;GG;CC;CC;GG;GG;GT;AC;AA;AT;CC;GG;AA;AA;TT;AA;CT;CT;TT;GG;CC;GG;CC;CC;AA;AC;AA;CC;AA;CC;TT;TT;GG;CC;CC;CG;CC;AA;TT;CC;GT;CC;TT;AA;CT;TT;GG;CG;GG;NA;NA;AA;GT;NA;TT;NA;NA;GG;TT;AA;CT;AG;CT;CT;TT;NA;CC;GG;AG;CT;GG;AG;CC;NA;CC;AG;GG;CC;AG;TT;TT;AC;CC;AA;TT;AA;AA;AG;NA;TT;CC;AG;GG
1;CC;AG;GG;AG;CC;NA;NA;NA;NA;CC;NA;CC;NA;NA;GG;GG;AT;AG;AA;CC;CC;CC;GG;CC;CC;TT;GG;GG;CC;CC;GG;AG;GT;AA;AG;AA;CC;AG;AA;AA;TT;AA;CC;TT;CT;GG;AC;AG;CT;CT;AA;CC;AG;AC;AA;CC;TT;TT;GG;CT;CC;CG;CG;AA;TT;CC;TT;CC;TT;AG;CT;AA;AG;CC;CC;NA;NA;AG;GG;GG;TT;NA;GG;AG;TT;AA;CT;GG;CC;CT;TT;GT;CC;GG;AG;CC;GG;AG;CC;TT;CT;AG;GG;GG;AA;TT;TT;AA;CC;AA;TT;AC;AA;AA;NA;TT;CC;AA;GG
1;CC;AG;AG;AG;NA;NA;NA;NA;NA;NA;NA;NA;NA;NA;NA;NA;AA;AG;AC;NA;CT;CT;GG;CT;CT;GT;GG;AG;CT;CT;AG;GG;TT;AA;AA;AA;CC;AG;AG;AA;CT;AA;CC;CT;TT;AG;AC;AG;CT;CC;AT;AC;AA;CC;GG;CC;GT;GT;GG;CC;NA;CG;CG;AC;TT;CC;TT;CT;NA;GG;CT;TT;GG;GG;CG;TT;TT;AG;GG;GG;TT;NA;GG;GG;TT;AA;CC;AG;CC;TT;TT;GG;CC;AG;AG;CC;AG;GG;CG;TT;CC;GG;GG;GG;AG;TT;CT;AA;NA;AA;NA;AA;AG;AG;AA;CT;CT;AG;CC
0;TC;GG;GG;AA;CC;CT;GG;CC;CT;TT;CG;CC;CT;AG;GT;AG;NA;AA;NA;NA;NA;NA;GG;NA;NA;NA;GG;NA;NA;NA;GG;GG;GT;AC;AG;AT;CC;AG;NA;AA;NA;NA;CC;TT;NA;NA;NA;NA;NA;NA;NA;CC;AA;CC;NA;NA;NA;NA;GG;CC;CC;CG;CG;AA;TT;CC;GT;CT;NA;AG;CT;TT;GG;GG;CG;NA;NA;AG;GG;NA;TT;NA;NA;AA;TT;AA;CC;AG;CC;CC;TT;NA;CC;AG;AG;CC;AG;GG;CG;NA;CC;AG;GG;GG;GG;TT;CT;AA;CC;AA;NA;CC;AG;AG;NA;TT;CT;AA;CG
0;TC;GG;GG;AA;CC;CC;AA;CC;CC;TT;CC;CC;CC;AA;GG;GG;AA;NA;AA;CC;CC;CC;GG;CC;CT;TT;GG;GG;CC;CC;GG;AG;GG;AA;AA;NA;CC;AA;AA;AG;CT;AC;CC;CT;CT;GG;AC;GG;CT;CC;AT;AC;AA;CC;AA;CC;TT;TT;GG;CT;CC;CC;CG;AA;GT;CC;TT;CC;TT;AA;CT;TT;GG;CC;CG;TT;TT;AG;GG;GG;TT;AT;GG;AG;TT;AA;CC;AA;NA;NA;TT;TT;CC;GG;NA;CC;GG;GG;CG;TT;CC;AA;GG;CC;AG;TT;TT;CC;CT;AA;GT;AC;AA;NA;AA;TT;CC;NA;CG
0;CC;AG;AG;AG;CC;CT;GG;CT;CT;TT;NA;CC;CT;AA;GG;GG;AT;AA;AA;CC;CC;CC;GG;CT;CT;TT;GG;GG;CC;CC;AG;GG;GT;AA;AA;AA;CT;AA;AA;AG;TT;AA;CT;CT;TT;GG;AC;AG;CT;CT;AA;AC;AA;AC;AA;CC;TT;TT;GG;CC;CC;CG;CC;AA;TT;CC;GG;CC;TT;AA;CT;AT;AG;CC;GG;TT;TT;AA;TT;GG;TT;AT;GG;AG;TT;AA;CC;GG;CC;CT;TT;TT;CC;GG;AG;CC;GG;GG;CC;TT;CT;GG;GG;CC;AG;TT;CT;AC;CC;AA;TT;AC;AA;AG;AA;TT;CC;AA;GG
0;CC;GG;GG;AA;CC;CT;AG;CC;CT;TT;CG;CC;CT;AA;GG;GG;TT;AA;AA;CC;CC;CC;GG;CC;CC;TT;GG;GG;CC;CC;AG;GG;GT;AA;AG;AA;CC;AG;AA;AA;TT;AA;CT;TT;TT;GG;CC;GG;CC;CC;AT;CC;AA;CC;AA;CT;TT;TT;GG;CT;CC;GG;CC;AA;TT;CC;GT;CC;TT;AG;TT;AT;AG;CC;CG;TT;TT;AA;GG;GG;TT;AT;GG;AG;TT;AA;CC;GG;CT;TT;TT;GT;CC;GG;GG;CC;GG;AA;CC;TT;CT;GG;GG;CG;AG;TT;CT;AA;CC;AA;GT;AC;AA;AG;AA;TT;CC;AA;GG
0;CC;AG;AG;AG;CC;CC;AG;CT;CC;TT;CC;CC;CC;AA;GG;GG;AT;AA;AA;CC;CT;CC;AG;CT;CT;GT;GG;AG;CC;CT;GG;GG;GG;AC;AG;AT;CC;GG;AG;AA;TT;AA;CC;TT;TT;GG;CC;GG;CC;CC;AA;CC;AA;CC;AA;CC;TT;TT;GG;CC;CC;CG;CG;AC;TT;CG;GT;CT;TT;AA;TT;AA;GG;GG;CG;TT;TT;AA;GG;GG;TT;AT;GG;GG;TT;AA;CC;GG;CC;TT;TT;TT;CC;GG;AG;CC;GG;AG;CC;TT;CC;GG;GG;CC;AG;TT;CT;AA;CC;AA;TT;AC;AG;AG;AA;CT;CT;AG;GG
0;CC;AG;AG;AG;CC;CC;GG;NA;CC;TT;CC;CC;CC;AA;GG;GG;AA;AG;AA;CC;NA;CC;GG;CC;CC;NA;GG;NA;CC;CC;AG;AG;GT;AA;AA;AA;CT;AA;AA;AG;CC;NA;CC;TT;TT;GG;AA;NA;NA;NA;NA;CC;AA;AC;AG;CC;NA;TT;GG;CT;TT;CC;CC;AA;TT;CC;NA;CC;TT;NA;CT;AT;AG;CC;NA;TT;NA;AG;GG;GG;TT;AT;GG;GG;TT;AA;CT;AG;CT;TT;TT;GT;CC;NA;AG;CC;NA;GG;NA;TT;CT;AG;GG;NA;AG;NA;TT;CC;TT;AA;NA;AA;NA;AG;AA;CT;CC;AG;NA
0;CC;GG;GG;AA;CC;CC;AG;CC;CC;TT;CC;CC;CC;AA;GG;GG;AA;AA;AC;AC;CC;CC;GG;CC;CC;TT;GG;GG;CC;CC;GG;GG;GG;AA;GG;NA;CC;NA;AA;AA;TT;AA;CC;CT;TT;AG;CC;GG;CC;CC;AT;AC;AA;CC;AA;CC;TT;TT;GG;CT;CC;CG;CC;AA;TT;CC;GG;CC;TT;AA;CC;TT;GG;NA;GG;TT;NA;AA;GT;GG;TT;AT;GG;AG;TT;AA;NA;GG;TT;CT;TT;GG;CC;NA;NA;CC;NA;GG;CG;TT;CC;GG;GG;CC;AG;TT;CT;NA;CC;AA;GT;AA;AA;NA;AA;TT;CC;NA;CG
0;TC;GG;GG;AA;CC;CT;GG;CT;CT;TT;CC;CT;CC;AG;GT;AG;TT;AG;CC;CC;NA;NA;GG;CC;TT;NA;AG;AA;CC;NA;GG;AG;GG;AC;AA;AA;CC;AG;AA;AA;CC;NA;CC;TT;NA;GG;NA;AA;TT;CC;AA;CC;AG;AC;NA;CC;NA;TT;GG;CC;NA;NA;GG;AC;GT;CG;NA;CT;AA;GG;CT;AA;AG;CG;NA;TT;TT;NA;GG;GG;TT;AT;GG;GG;TT;NA;CC;AG;NA;CT;TT;GG;CC;GG;AG;CC;GG;AG;NA;TT;CC;AG;GG;NA;AG;NA;TT;AA;TT;NA;NA;AC;NA;AA;AA;CT;CT;AG;NA
0;CC;AG;AG;AG;CT;CT;GG;CT;CT;TT;CG;CC;CT;AA;GG;GG;TT;AA;AA;CC;CC;CC;AG;CT;CT;TT;GG;GG;CC;CC;GG;GG;GG;AA;AG;AA;CC;GG;AA;AA;TT;AA;CC;TT;TT;GG;CC;GG;CC;CC;AA;CC;AA;CC;AA;CT;TT;TT;GG;CC;CC;GG;CG;AA;TT;CC;GT;CC;TT;AA;TT;AA;GG;CG;GG;TT;NA;AA;GG;GG;TT;AT;GG;GG;TT;AA;CC;GG;TT;TT;TT;TT;CC;GG;AG;CC;GG;AA;CC;TT;CC;GG;GG;CC;GG;TT;CC;AA;CC;AA;TT;AC;AA;GG;AA;TT;CC;AA;CG
0;CC;GG;AG;AG;CC;CT;GG;CT;CC;TT;CC;TT;CC;AA;GT;AG;AA;AA;AA;CC;CT;CC;AA;CT;CT;TT;GG;AA;CT;CC;GG;GG;GG;AA;AG;AA;CT;AG;AA;AG;CT;AA;CT;CT;TT;AG;CC;GG;CT;CC;AT;AC;AA;CC;AA;CT;TT;TT;GG;CC;CC;CC;GG;AA;TT;CC;GT;CC;AA;AA;TT;TT;GG;CG;GG;TT;TT;AG;GG;GG;AT;AT;GG;AG;TT;AA;CT;GG;CT;CT;TT;GT;CC;GG;AG;CC;GG;GG;CG;TT;CC;GG;GG;CC;GG;GG;CC;AC;CT;AA;GT;AC;AA;GG;AA;TT;CC;AA;CG
0;CC;GG;GG;AA;CT;CT;GG;CT;CT;TT;CG;CC;CT;AA;GG;GG;AT;AG;AC;AA;TT;CT;AG;CT;CC;GT;AG;AG;CT;CT;AG;AG;GT;AC;GG;AT;CC;AG;AG;AG;CT;AC;CT;TT;CT;NA;AC;AG;CT;CT;AA;AC;AG;AC;GG;CT;GT;GT;AG;CT;CT;NA;CG;AC;GT;CG;GT;CT;AT;GG;CT;AT;AG;CG;CC;TT;TT;GG;GT;GG;TT;AT;GG;AG;CT;AG;CT;AG;CT;CT;CT;GG;AC;GG;AG;CT;GG;AG;CG;TT;CT;AG;GG;CG;AG;TT;CT;AC;TT;GG;GG;AC;AA;AG;AA;CT;CT;AG;CG
0;CC;GG;AG;AG;CC;CC;GG;CT;CT;TT;CG;CC;CT;AG;GT;AG;AT;AA;AC;AC;CT;CT;GG;CT;CT;GT;GG;AG;CT;CT;GG;GG;GG;AA;GG;AA;CC;GG;AA;AA;CT;AA;TT;CC;CT;GG;AC;AG;CT;CT;AT;AA;AA;AC;NA;CT;GT;GT;GG;CC;CC;CG;CC;AA;TT;CC;GT;CC;AT;AG;TT;TT;GG;GG;GG;TT;NA;AG;GT;GG;AT;AT;GG;AA;TT;AG;CT;GG;CT;CC;TT;GT;CC;GG;GG;CC;GG;AG;CG;TT;CC;GG;GG;CC;GG;TT;CC;AA;CT;AG;TT;AC;AA;GG;AA;TT;CC;AA;CG
0;CC;AG;AG;AG;CC;CC;AG;CC;CC;TT;CC;CT;CC;AA;GG;GG;TT;AA;AA;CC;CC;CC;GG;CC;CC;TT;GG;GG;CC;CC;GG;GG;GT;AA;AA;AA;CT;AA;AA;AG;CT;AC;CC;TT;TT;GG;AC;AG;CT;CT;AA;AC;AA;CC;AA;CC;TT;TT;GG;TT;CC;GG;CC;AA;GT;CC;TT;CC;TT;AA;TT;TT;GG;CC;CG;TT;AT;AA;GG;GG;AT;AT;GG;AG;TT;AA;CT;GG;CC;CT;TT;GG;CC;GG;GG;CC;GG;AG;CC;TT;CC;AA;GG;CC;AG;TT;CT;AC;CT;AA;TT;AC;AA;AG;AA;TT;CC;AA;GG
0;CC;GG;AG;AG;CT;CT;GG;CT;CT;TT;CG;CC;CT;AA;GG;GG;AA;GG;AA;CC;NA;NA;NA;CC;CT;NA;GG;GG;CC;CT;NA;AA;NA;AA;NA;NA;NA;AA;AA;NA;CC;CC;NA;TT;NA;GG;CC;AA;TT;CC;TT;CC;AA;NA;NA;TT;GG;GT;GG;CC;CC;NA;GG;NA;NA;CC;NA;CC;TT;NA;NA;TT;NA;NA;GG;TT;TT;NA;GT;GG;TT;AT;GG;NA;TT;NA;CC;NA;NA;NA;NA;GT;CC;GG;NA;CC;GG;NA;CC;TT;CC;AA;NA;NA;AG;NA;TT;NA;NA;NA;NA;AC;GG;NA;AA;NA;CC;NA;CG
0;CC;AA;AA;GG;CC;CC;AG;CT;CC;TT;CC;CC;CC;NA;GG;GG;AA;AG;AA;CC;CT;CC;AG;CC;CC;TT;GG;AG;CC;CC;AG;AG;GT;AA;AG;AT;CC;AG;AA;AA;TT;AA;CC;TT;TT;GG;CC;GG;CC;CC;AA;CC;AG;AC;AA;NA;TT;TT;AG;CC;CC;CC;CG;AA;TT;CC;GT;CC;TT;AG;CT;AT;AG;CG;CG;TT;TT;AG;GG;GG;TT;AT;GG;GG;TT;AA;CC;AG;TT;TT;TT;GT;CC;NA;AG;CC;GG;AG;CC;TT;CT;AG;GG;CG;AG;TT;TT;AC;CC;AA;TT;AC;AA;AG;AG;TT;CC;AA;GG
0;CC;AA;AA;GG;CC;TT;GG;CC;CC;TT;CC;CT;CC;GG;TT;AA;AT;AG;AA;CC;CT;CC;GG;CC;CC;TT;GG;GG;CC;CC;GG;GG;TT;CC;AA;TT;CC;GG;GG;AA;TT;AA;CC;TT;TT;GG;CC;GG;CC;CC;AT;CC;AA;AC;AA;CC;TT;TT;GG;CC;CC;GG;CC;CC;TT;GG;TT;TT;TT;AA;TT;TT;GG;GG;CC;NA;NA;AG;GG;NA;TT;NA;NA;AG;TT;AA;CC;AG;CT;CT;TT;NA;CC;GG;AG;CC;GG;AA;CG;NA;CC;AG;GG;CC;AA;TT;TT;AC;CC;AA;TT;AC;GG;AA;NA;CC;TT;GG;GG
0;CC;AG;AG;AG;NA;NA;NA;NA;NA;NA;NA;CC;NA;NA;GG;GG;AA;NA;AA;CC;NA;NA;NA;CC;CT;NA;GG;NA;CC;CT;AG;NA;NA;AA;AA;NA;CC;NA;AA;NA;CC;CC;NA;NA;NA;GG;CC;NA;NA;NA;NA;NA;AA;NA;AA;CC;NA;TT;GG;CC;NA;NA;GG;NA;NA;CC;NA;CC;TT;NA;NA;NA;NA;NA;NA;TT;AA;NA;GG;GG;TT;AT;GG;NA;NA;AA;CC;NA;NA;NA;NA;GG;CC;GG;NA;NA;GG;NA;NA;TT;CC;NA;NA;NA;AA;NA;NA;NA;CC;NA;NA;NA;NA;NA;AA;NA;CC;NA;CC
0;CC;GG;GG;AA;CC;CT;AG;CC;CT;TT;CC;CC;CC;AG;GG;AG;AA;AA;CC;AC;CT;CC;GG;CT;CT;TT;GG;AG;CC;CC;GG;GG;NA;CC;AA;TT;CC;GG;GG;AA;TT;AA;TT;CT;CT;AG;AC;GG;CT;CC;TT;AA;AA;CC;AG;CC;GT;TT;GG;CC;CT;GG;CG;CC;TT;GG;TT;TT;AT;AA;CT;TT;GG;GG;CC;NA;NA;AG;GG;NA;TT;NA;NA;AA;TT;AA;CC;NA;NA;CC;TT;NA;CC;GG;NA;CC;AG;AG;CG;NA;CC;GG;GG;CC;AA;TT;TT;NA;CC;AG;GG;CC;GG;AA;NA;CC;TT;GG;CC
0;CC;AA;AG;AG;CT;TT;GG;CC;TT;TT;GG;CC;TT;AA;GG;GG;AA;GG;AC;CC;TT;CC;GG;CC;CC;TT;GG;GG;CC;CC;GG;AA;TT;AA;AA;NA;CC;AA;AA;GG;CT;AC;CC;TT;TT;GG;CC;GG;CC;CC;AA;CC;AG;NA;AA;CT;TT;TT;GG;CC;CC;CC;CC;NA;GG;CC;TT;CC;TT;AA;NA;TT;NA;CC;CC;TT;TT;AA;GG;GG;TT;AT;GG;NA;TT;AA;CC;GG;NA;NA;TT;TT;CC;GG;NA;CC;GG;NA;CG;TT;CC;AA;NA;CC;AA;TT;TT;NA;TT;AA;TT;AA;AA;NA;AA;TT;CC;NA;CG
0;CC;AG;AG;AG;CT;TT;GG;CC;TT;TC;CG;CC;CT;AG;GG;GG;NA;NA;NA;NA;NA;NA;NA;NA;NA;NA;NA;NA;NA;NA;NA;NA;NA;NA;NA;NA;NA;NA;NA;NA;NA;NA;NA;NA;NA;NA;NA;NA;NA;NA;NA;NA;NA;NA;NA;NA;NA;NA;NA;NA;NA;NA;NA;NA;NA;NA;NA;NA;NA;NA;NA;NA;NA;NA;NA;TT;NA;NA;NA;GG;NA;AT;GG;NA;NA;NA;NA;NA;NA;NA;NA;TT;NA;NA;NA;NA;NA;NA;NA;TT;NA;NA;NA;NA;NA;NA;NA;NA;NA;NA;NA;NA;NA;NA;AA;NA;NA;NA;NA
0;CC;AG;AG;AG;CT;CT;GG;CT;CT;TT;CG;CC;CT;AA;GG;GG;AT;AG;AA;CC;CC;CC;GG;CC;CC;TT;GG;GG;CC;CC;AG;AG;GT;AA;AG;AA;CC;AA;AA;AA;TT;AA;CC;CT;TT;GG;CC;GG;CC;NA;AT;AC;AA;AA;AA;CC;TT;TT;GG;CC;CC;CG;CC;AA;TT;CC;GT;CC;TT;AG;NA;AT;AG;CC;CC;TT;NA;GG;GG;GG;TT;AT;GG;AG;TT;AA;NA;GG;NA;CT;TT;TT;CC;GG;NA;CC;GG;GG;CG;TT;CT;GG;GG;GG;AG;TT;TT;NA;CC;AA;GT;AA;AA;NA;AA;TT;CC;NA;GG
0;TC;AG;GG;AA;CT;TT;GG;CC;CT;TT;CG;CT;CT;AG;GT;AG;AA;AG;CC;AC;CC;CC;AG;CT;CT;TT;GG;AG;CT;CC;AG;AG;GT;AA;AA;AA;CC;AA;AA;AA;TT;AA;CT;CT;TT;GG;CC;GG;CC;NA;AA;AC;AA;AC;AA;TT;TT;TT;GG;CC;CC;GG;GG;AA;TT;CC;TT;CC;TT;AG;CC;AT;AG;CC;CG;TT;TT;AG;GG;GG;TT;AT;GG;AG;TT;AA;CC;AG;NA;CT;TT;GT;CC;NA;GG;CC;GG;AA;CG;TT;CT;AG;GG;GG;AG;TT;TT;AA;CC;AA;GT;AA;AA;AA;AA;TT;CC;AA;GG
0;CC;GG;AG;AG;CC;TT;GG;CC;CT;TT;CC;CC;CC;AG;GT;AA;AT;AG;AA;CC;CT;CC;GG;CC;CC;TT;GG;GG;CC;CC;GG;AG;GG;AA;AG;NA;CT;AA;AA;AG;CT;AC;CC;TT;TT;GG;AA;AA;TT;TT;AA;AC;AG;AC;AG;CT;TT;GT;AG;CC;CC;CC;CC;AA;GT;CC;GT;CC;TT;AA;CT;AT;GG;CC;CG;TT;AT;GG;GT;GG;TT;AT;GG;AG;TT;AA;CC;AG;NA;CC;NA;GT;CC;GG;AG;CC;GG;AG;CG;TT;CC;AG;GG;CC;AG;TT;TT;CC;CT;AA;TT;AA;AA;AG;AA;NA;CC;NA;CG
0;CC;AA;AA;GG;CC;CT;GG;CT;CC;TT;CC;CC;CC;AG;GT;AG;AA;AG;AC;AC;TT;NA;AG;CT;CT;NA;GG;NA;CC;CC;AG;GG;GT;AA;AG;AA;CC;AG;AA;AA;TT;NA;CC;CT;CT;GG;AC;NA;TT;NA;NA;AC;AA;CC;AA;CC;NA;TT;GG;CT;CC;CG;CC;AA;TT;CC;NA;CC;TT;AG;CT;AT;AG;CG;NA;TT;AT;GG;GG;GG;TT;AT;GG;AG;TT;AA;CC;GG;TT;CT;TT;GT;CC;GG;GG;CT;GG;AG;GG;TT;CT;AG;GG;NA;AG;NA;CT;AA;CC;AA;NA;AA;NA;NA;AA;TT;CC;AA;GG
0;CC;AG;AG;AG;CC;CC;GG;CT;CC;TT;CC;CC;CC;AA;GG;GG;NA;AA;NA;NA;NA;NA;AG;NA;NA;NA;GG;NA;NA;NA;GG;GG;GG;AA;GG;AA;CC;GG;NA;AA;NA;NA;CC;TT;NA;NA;NA;NA;NA;NA;NA;AC;AA;CC;NA;NA;NA;NA;GG;CT;NA;NA;NA;AA;TT;NA;NA;NA;NA;NA;TT;TT;GG;GG;NA;TT;AT;NA;NA;GG;TT;AT;GG;GG;TT;NA;CT;GG;CT;CT;TT;GG;AC;NA;GG;CC;NA;AG;NA;TT;CC;GG;GG;NA;GG;NA;CC;AA;NA;NA;NA;AA;NA;GG;AA;TT;NA;AA;NA
0;CC;GG;AA;GG;CC;CC;AA;CC;CC;TT;CC;CC;CC;AA;GG;GG;AA;AA;AC;CC;TT;CT;GG;CC;CC;TT;GG;GG;CC;CC;GG;GG;GG;AA;GG;AA;CC;GG;AA;AA;TT;AA;CC;TT;TT;GG;CC;GG;CC;CC;AA;CC;AA;CC;AA;TT;TT;TT;GG;CC;CC;CG;CC;AA;TT;CC;GT;CC;TT;AA;TT;TT;GG;GG;GG;TT;TT;AA;TT;GG;TT;AT;GG;GG;TT;AA;CC;GG;TT;TT;TT;GG;CC;GG;GG;CC;GG;AG;CC;CT;CC;GG;GG;CC;GG;TT;CC;AA;CC;AA;TT;AC;AA;GG;AA;TT;CC;AA;CG
0;CC;GG;GG;AA;NA;NA;NA;NA;NA;NA;NA;CC;NA;NA;GG;GG;AA;AA;AC;CC;CC;CC;AG;CC;CT;TT;GG;GG;CC;CC;GG;GG;GT;AA;AG;AA;CT;AG;AA;AG;CT;AC;CC;TT;TT;GG;CC;GG;CC;CC;AA;CC;AA;AC;AA;CT;TT;TT;GG;CT;CC;CG;CC;AA;GT;CC;GT;CC;TT;AA;TT;TT;GG;CG;CG;TT;NA;GG;GG;GG;TT;AT;GG;GG;TT;AA;TT;GG;CC;TT;TT;TT;CC;GG;GG;CC;GG;AG;CC;TT;CC;AA;AG;CC;AG;TT;CT;AC;CT;AA;TT;AA;AA;AG;AG;TT;CC;AA;CG
0;TC;GG;GG;AA;CT;CC;GG;CC;CT;TC;CG;CC;CT;AG;GG;GG;AT;AA;AA;CC;CC;CC;AG;CC;CT;TT;GG;AG;CC;CC;GG;GG;GG;AA;GG;AA;CC;GG;AA;AA;TT;AA;CC;TT;TT;GG;CC;GG;CC;CC;AA;CC;AA;CC;AA;CC;TT;TT;GG;CT;CC;CG;CG;AA;TT;CC;GG;CC;TT;AA;TT;TT;GG;GG;GG;TT;TT;GG;TT;GG;TT;AT;GG;GG;TT;AA;CC;GG;CC;TT;TT;GG;CC;GG;AG;CC;GG;AG;CC;TT;CC;GG;GG;CC;GG;TT;CC;AA;CC;AA;TT;AC;AA;GG;AA;TT;CC;AA;GG
0;CC;GG;GG;AA;CT;TT;GG;CC;CT;TT;CG;CT;CT;AG;GT;AG;AA;NA;AC;AC;CT;CC;NA;CC;CC;TT;GG;GG;CC;CC;GG;GG;GG;AA;AG;AA;CC;GG;AA;AA;TT;AA;CC;CT;TT;GG;CC;GG;CC;CC;AT;AC;AA;CC;AA;CC;TT;TT;GG;CT;CC;CG;CC;NA;TT;CC;GT;CC;TT;AA;NA;TT;GG;GG;GG;TT;TT;AA;GG;GG;TT;AT;GG;AG;TT;AA;CC;GG;NA;NA;NA;TT;CC;GG;NA;CC;AG;NA;CC;TT;CC;NA;GG;CC;GG;TT;TT;NA;CC;AA;GT;AC;AA;NA;AA;TT;CC;NA;GG
0;CC;AG;AG;AG;CC;CT;AG;CC;CT;TT;CG;CC;CT;AA;GG;GG;AA;AA;AC;CC;CC;CC;GG;CC;TT;TT;AG;GG;CC;CC;GG;GG;GG;AC;AA;AT;CC;GG;AG;AA;TT;AA;CT;CT;TT;GG;CC;GG;CC;CC;AT;AC;AA;CC;AG;CT;TT;TT;GG;CC;CC;CG;CC;AC;TT;CG;TT;CT;TT;AA;TT;AA;GG;GG;CG;TT;TT;AG;GG;GG;TT;AT;GG;AG;TT;AA;CC;GG;CC;CT;TT;GT;CC;GG;AG;CC;GG;AG;CG;TT;CC;GG;GG;CC;AG;TT;TT;AA;CC;AA;GT;AC;AG;AG;AA;CT;CT;AG;CG
0;CC;GG;GG;AA;CC;CT;GG;CT;CT;TT;CG;CC;CT;AA;GG;GG;AA;NA;AA;CC;CC;NA;NA;CT;TT;NA;GG;AG;CC;CC;NA;NA;NA;AA;NA;NA;CC;NA;AA;NA;CC;NA;NA;NA;TT;GG;CC;GG;NA;CC;AT;CC;AG;NA;NA;CT;GG;TT;NA;CC;CC;NA;GG;NA;NA;CC;GT;CC;TT;GG;NA;TT;NA;NA;GG;TT;AT;NA;GG;GG;TT;AT;GG;NA;TT;AA;NA;NA;NA;NA;TT;GT;CC;GG;NA;NA;GG;NA;CC;TT;CC;NA;GG;NA;GG;GG;NA;NA;NA;NA;NA;NA;NA;NA;AA;NA;CC;NA;GG
0;CC;GG;AG;AG;CC;CC;AG;CT;CC;TT;CC;CT;CC;AA;GT;GG;AA;NA;AA;CC;NA;NA;NA;CC;CT;NA;GG;GG;CC;CT;GG;GG;GG;AA;AG;NA;CC;AA;AA;AG;CC;AA;CC;TT;TT;GG;AA;AG;CT;CT;AA;AC;AA;CC;NA;CT;TT;TT;GG;CC;CC;NA;NA;AA;TT;CC;GT;CC;TT;NA;NA;TT;GG;CC;GG;TT;TT;NA;GG;GG;TT;AT;GG;AG;TT;AA;CC;GG;NA;TT;NA;GT;CC;GG;NA;CC;GG;NA;NA;TT;CC;GG;GG;NA;GG;GG;CC;CC;NA;NA;NA;AA;NA;NA;AA;TT;CC;NA;NA
0;CC;AG;AA;GG;CT;CT;GG;CC;CC;TT;CG;CC;CT;AA;GG;GG;AA;AA;AC;AC;CT;CC;AG;CT;CT;TT;GG;GG;CT;CC;AG;GG;GG;AA;AA;AA;CC;AG;AA;AA;TT;AA;CC;TT;TT;GG;AC;AG;CT;CT;AA;AC;AA;AC;AA;CC;TT;TT;GG;CC;CC;CG;CG;AA;TT;CC;TT;CC;AT;AG;CT;AA;AG;CG;CG;TT;TT;AA;GG;GG;TT;AT;GG;GG;TT;AA;CC;AG;NA;CT;TT;GT;CC;GG;GG;CC;GG;AG;CC;TT;CT;GG;GG;CG;AG;TT;TT;AC;CC;AA;TT;AC;AA;AG;AA;TT;CC;AA;GG
0;CC;AG;AG;AG;CT;CT;GG;CC;CT;TT;CG;CC;CT;AA;GG;GG;AA;AA;AA;CC;CT;CC;AG;CC;CT;TT;GG;AG;CC;CC;GG;GG;GT;AA;AA;AA;CC;AG;AA;AA;TT;AA;CT;TT;TT;GG;CC;GG;CC;CC;AT;AC;AA;CC;AA;CT;TT;TT;GG;CC;CC;CC;CG;AA;TT;CC;TT;CC;TT;AA;TT;TT;GG;CG;CG;TT;TT;AA;GG;GG;TT;AT;GG;AG;TT;AA;CC;GG;CC;CT;TT;GG;CC;AG;AG;CC;GG;GG;CC;TT;CC;GG;GG;CC;AG;TT;TT;AA;CC;AA;GT;CC;AA;AG;AA;TT;CC;AA;GG
0;CC;GG;GG;AA;CC;CC;GG;TT;CC;TT;CC;CC;CC;AA;GG;GG;AA;AA;AA;CC;TT;CC;GG;CC;CC;TT;GG;GG;CC;CC;GG;GG;GT;AA;AA;AA;CC;AG;AA;AA;TT;AA;CT;CT;TT;GG;CC;GG;CC;CC;AT;AC;AA;CC;AA;TT;TT;TT;GG;CT;CC;CC;CC;AA;TT;CC;TT;CC;TT;AA;CT;TT;GG;GG;CC;TT;TT;AG;GG;GG;TT;AT;GG;AG;TT;AA;CC;AG;NA;CT;TT;GT;CC;GG;GG;CC;GG;GG;CG;TT;CC;AG;GG;CC;AG;TT;TT;AA;CC;AA;GT;AA;AA;AG;AA;TT;CC;AA;GG
0;CC;GG;GG;AA;CT;CT;GG;CT;CC;TT;CG;CC;CT;AA;GG;GG;AA;AG;AA;CC;CT;CT;GG;CC;CC;TT;GG;GG;CC;CC;AA;GG;TT;AA;AA;AA;CC;AA;AA;AA;TT;AA;CC;TT;TT;GG;AC;GG;CC;CC;AA;CC;AA;AC;AG;CC;TT;TT;AG;CT;CC;CC;CC;AA;TT;CC;TT;CC;TT;GG;CC;AA;AA;CC;CC;TT;TT;AA;GG;GG;TT;AT;GG;GG;TT;AA;CC;AG;NA;TT;TT;GT;CC;NA;AG;CC;GG;AG;CG;TT;TT;AG;GG;GG;AA;TT;TT;AC;CC;AA;TT;AC;AA;AA;AA;TT;CC;AA;CG
0;CC;GG;GG;AA;CC;CC;AG;CT;CC;TT;CC;CC;CC;AA;GG;GG;AA;AA;AA;CC;TT;CC;GG;CC;CC;TT;GG;GG;CC;CC;GG;GG;GG;AA;AG;AA;CC;GG;AA;AA;TT;AA;TT;CC;TT;AA;CC;GG;CC;CC;TT;AA;AA;CC;AA;CT;TT;TT;GG;CT;CC;CC;CC;AA;TT;CC;GT;CC;TT;AA;TT;TT;GG;GG;GG;TT;NA;AA;GG;GG;TT;AT;GG;AA;TT;AA;CC;GG;TT;CC;TT;GT;CC;GG;GG;CC;GG;GG;CC;TT;CC;GG;GG;CC;GG;TT;TT;AA;CC;AA;GG;AA;AA;AG;AA;TT;CC;AA;GG
0;CC;AA;AG;AG;CC;CT;GG;CT;CT;TT;CG;CC;CT;AA;GG;GG;AT;AA;AA;CC;CT;CC;GG;CC;CC;TT;GG;GG;CC;CC;GG;GG;GG;AA;AG;AA;CC;GG;AA;AA;TT;AA;CC;TT;TT;GG;CC;GG;CC;CC;AA;CC;AG;AC;AA;CC;TT;TT;GG;CT;CC;CG;CC;AA;TT;CC;GT;CC;TT;AA;TT;TT;GG;GG;GG;TT;TT;AA;GG;GG;TT;AT;GG;GG;TT;AA;CC;GG;NA;TT;TT;GT;CC;AG;NA;CC;GG;AG;CC;TT;CC;GG;GG;CC;GG;TT;TT;AA;CC;AA;TT;AA;AA;GG;AA;TT;CC;AA;GG
0;CC;GG;GG;AA;CC;CC;AG;CC;CC;TT;CC;CT;CC;AA;GG;GG;AA;AA;AC;AC;CC;CC;GG;CC;CC;TT;GG;GG;CC;CC;GG;GG;GT;AC;AG;AT;CC;GG;AG;AA;TT;AA;CC;TT;TT;GG;CC;GG;CC;CC;AA;CC;AA;CC;AA;CT;TT;TT;GG;CT;CC;CG;CC;AC;TT;CG;GT;CT;TT;AA;TT;TT;GG;GG;CG;TT;TT;GG;GG;GG;TT;AT;GG;GG;TT;AA;TT;GG;TT;TT;TT;GT;CC;GG;AG;CC;GG;AG;CC;TT;CC;GG;GG;CC;AG;TT;TT;AA;CC;AA;TT;AA;AG;AA;AA;CT;CT;AG;GG
0;CC;AG;AG;AG;CT;CT;GG;CT;CT;TT;CG;CC;CT;AA;GG;GG;NA;AG;AA;NA;NA;NA;AG;NA;NA;TT;GG;NA;NA;CC;AG;AG;GT;AC;AA;AT;CC;AG;NA;AA;TT;NA;CC;CT;NA;NA;NA;NA;NA;CC;NA;AC;AG;CC;NA;CC;NA;TT;GG;CC;NA;NA;NA;AC;TT;NA;NA;NA;NA;GG;CC;AT;AG;CC;NA;TT;TT;NA;NA;GG;TT;AT;GG;AG;TT;NA;CT;AG;NA;CT;TT;GT;CC;GG;AG;CC;AG;AG;GG;TT;CT;GG;GG;GG;AA;NA;TT;AA;CC;NA;NA;AA;NA;AA;AA;TT;CC;AG;NA
0;CC;AG;AG;AG;CT;CT;GG;CC;CT;TT;CG;CC;CT;AA;GG;GG;AA;AG;AC;AC;CC;CC;AG;CT;CT;TT;GG;AG;CT;CC;GG;GG;GT;AC;AG;AA;CC;GG;AG;AA;TT;AA;CC;TT;TT;GG;CC;GG;CC;CC;AA;CC;AA;CC;AA;CC;TT;TT;GG;CC;CC;CG;CG;AC;TT;CG;GT;CT;TT;AA;TT;TT;GG;GG;CG;TT;NA;GG;GG;GG;TT;AT;GG;GG;TT;AA;CC;GG;CC;TT;TT;GT;CC;GG;GG;CC;GG;AG;CC;TT;CC;GG;GG;CC;AG;TT;TT;AA;CC;AA;TT;AC;AG;AA;AA;CT;CT;AG;GG
0;CC;AG;AG;AG;CC;CC;GG;TT;CC;TT;CC;CC;CC;AA;GG;GG;AA;AA;AC;CC;CT;CC;GG;CC;CC;TT;GG;GG;CC;CC;GG;GG;GG;AA;AG;AA;CT;AG;AA;AG;CT;AA;CC;TT;TT;GG;CC;GG;CC;CC;AA;CC;AA;CC;AA;CC;TT;TT;GG;CC;CC;CG;CC;AA;TT;CC;GT;CC;TT;AA;TT;TT;GG;CC;GG;TT;NA;AA;GG;GG;TT;AT;GG;GG;TT;AA;CC;GG;CT;TT;TT;GT;CC;GG;GG;CT;GG;GG;CC;TT;CC;GG;GG;CC;GG;TT;CC;AC;CT;AA;TT;AC;AA;GG;AA;TT;CC;AA;GG
0;CC;AG;AG;AG;CC;CC;GG;CC;CC;TT;CC;CC;CC;AA;GG;GG;NA;NA;NA;NA;NA;NA;NA;NA;NA;NA;NA;NA;NA;NA;NA;NA;NA;NA;NA;NA;NA;NA;NA;NA;NA;NA;NA;NA;NA;NA;NA;NA;NA;NA;NA;NA;NA;NA;NA;NA;NA;NA;NA;NA;NA;NA;NA;NA;NA;NA;NA;NA;NA;NA;NA;NA;NA;NA;NA;NA;NA;NA;NA;NA;NA;NA;NA;NA;NA;NA;NA;NA;NA;NA;NA;NA;NA;NA;NA;NA;NA;NA;NA;NA;NA;NA;NA;NA;NA;NA;NA;NA;NA;NA;NA;NA;NA;NA;NA;NA;NA;NA;NA
0;CC;GG;GG;AA;CC;CT;GG;CT;CC;TT;CG;CC;CC;AG;GT;AG;AT;AG;AA;CC;CT;CC;GG;CC;CC;TT;GG;GG;CC;CC;GG;AG;GT;AC;AA;AT;CT;AA;AG;AG;CT;AA;CT;CT;TT;GG;AC;AG;CT;CC;AT;AA;AA;AC;AA;CC;TT;TT;GG;CC;CC;CG;CG;AC;TT;CG;TT;CT;TT;AA;CT;TT;GG;CC;CG;TT;NA;AA;GG;GG;TT;AT;GG;AG;TT;AA;CC;GG;CT;CC;TT;GG;CC;AA;AG;CC;NA;AG;CC;TT;CC;AG;GG;CC;AG;TT;TT;CC;CT;AA;GT;AC;AG;AA;AA;CT;CT;AG;GG
0;CC;GG;GG;AA;CC;CT;AG;CC;CT;TT;CG;CC;CT;AA;GG;GG;AA;AA;AA;CC;CT;CC;GG;CC;CT;TT;GG;GG;CC;CC;GG;GG;GT;AA;AG;AA;CT;AG;AA;AG;CT;AA;CT;CT;TT;GG;CC;GG;CC;CC;AT;AC;AA;CC;AA;CC;TT;TT;GG;CC;CC;CG;CC;AA;TT;CC;GT;CC;TT;AA;TT;TT;GG;CG;CG;TT;AT;AA;GG;GG;TT;AT;GG;AG;TT;AA;CC;GG;TT;CT;TT;GG;CC;GG;NA;CC;GG;GG;CC;TT;CC;GG;GG;CC;AG;TT;TT;CC;CT;AA;GT;AA;AA;AA;AA;TT;CC;NA;CC
0;CC;AG;AG;AG;CT;CT;GG;CT;CT;TT;CG;CC;CT;AA;GG;GG;AT;AA;AA;CC;CT;CC;GG;CC;CC;TT;GG;GG;CC;CC;GG;GG;GG;AA;AA;AA;CT;AG;AA;AG;CT;AA;CC;CT;CT;GG;AA;AA;TT;TT;AA;AA;AA;CC;GG;CT;TT;GT;GG;CC;CC;CG;CC;AA;TT;CC;TT;CC;TT;AA;TT;TT;GG;CG;GG;TT;TT;AA;GG;GG;TT;AT;GG;AA;TT;AA;CC;GG;NA;CC;TT;TT;CC;GG;GG;CC;GG;AG;CC;CT;CC;GG;GG;CC;AG;TT;TT;CC;CT;AA;TT;AC;AA;NA;AA;TT;CC;AA;GG
0;CC;AG;AG;AG;CT;TT;GG;CC;CT;TT;CG;CC;CT;AG;GT;AG;AA;NA;AA;CC;CC;CC;NA;CC;CC;TT;NA;GG;CC;CC;NA;NA;NA;NA;NA;NA;NA;NA;AA;NA;TT;AA;NA;NA;TT;GG;AC;GG;CC;CC;AA;NA;NA;NA;AA;CC;TT;TT;NA;NA;CC;CC;CC;NA;NA;CC;GG;CC;TT;AA;NA;NA;NA;NA;GG;TT;TT;AG;GT;GG;NA;AT;GG;NA;NA;AA;NA;NA;NA;NA;NA;GT;NA;GG;NA;NA;GG;NA;CG;TT;NA;NA;NA;CC;NA;TT;NA;NA;CC;AA;TT;NA;AA;NA;AG;NA;CC;NA;GG
0;CC;AG;AG;AG;CT;CT;GG;CC;CT;TT;CG;CC;CT;AA;GG;GG;AA;AA;AC;CC;CT;CC;GG;CC;CC;TT;GG;GG;CC;CC;GG;GG;GT;AC;AG;AT;CC;GG;AG;AA;TT;AA;CC;TT;TT;GG;CC;GG;CC;CC;AA;CC;AA;CC;AA;CC;TT;TT;GG;CC;CC;CG;CG;AC;TT;CG;GT;CT;TT;AA;TT;TT;GG;GG;CG;TT;AT;AA;GG;GG;TT;AT;GG;GG;TT;AA;CT;GG;CC;TT;TT;GT;CC;GG;AG;CT;GG;AG;CC;TT;CC;GG;GG;CC;AG;TT;CT;AA;CC;AA;TT;AC;AG;AG;AA;CT;CT;AG;CC
0;CC;AG;AG;AG;CT;CT;GG;CT;CT;TT;CG;CC;CT;AA;GG;GG;AT;NA;AA;CC;CC;CC;NA;CC;CC;TT;NA;GG;CC;CC;NA;NA;NA;NA;NA;NA;NA;NA;AG;NA;TT;AA;NA;NA;TT;GG;CC;GG;CC;CC;AT;NA;NA;NA;AA;CC;TT;TT;NA;NA;CC;CG;CC;NA;NA;CG;GT;CT;TT;AA;NA;NA;NA;NA;CG;TT;NA;AA;GG;GG;NA;AT;GG;NA;NA;AA;NA;NA;NA;NA;NA;GT;NA;GG;NA;NA;GG;NA;CC;TT;NA;NA;NA;CC;NA;TT;NA;NA;CC;AA;GT;NA;AG;NA;AA;NA;CT;NA;GG
0;CC;AG;AA;GG;NA;CC;AG;CT;CC;TT;CG;CC;CT;AA;GG;GG;AT;AA;AA;AC;CT;CC;AG;CC;CT;TT;GG;AG;CC;CC;GG;GG;GG;AC;AG;AT;CC;GG;AG;AA;TT;AA;CT;TT;TT;GG;CC;GG;CC;CC;AT;CC;AA;CC;AA;CC;TT;TT;GG;CT;CC;CG;CC;AC;TT;CG;GT;CT;TT;AA;TT;TT;GG;GG;CG;TT;TT;AA;GG;GG;TT;AT;GG;GG;TT;AA;CT;GG;CC;TT;TT;GT;CC;GG;GG;CC;GG;AG;CC;TT;CC;GG;GG;CC;AG;TT;CT;AA;CC;AA;GT;AA;AG;AG;AA;TT;CT;AG;GG
0;CC;AG;AG;AG;CT;TT;GG;CC;TT;TT;GG;CC;TT;AA;GG;GG;AT;AA;AC;AC;CC;CC;AG;CT;CT;GT;GG;GG;CT;CT;GG;GG;GG;AA;AG;AA;CT;AG;AA;AG;CT;AA;CC;CT;CT;GG;AC;GG;CT;CT;AA;AC;AA;CC;AA;CC;TT;TT;GG;CT;CC;CG;CC;AA;TT;CC;GT;CC;TT;AA;TT;TT;GG;CG;GG;TT;TT;AA;GG;GG;TT;AT;GG;AG;TT;AA;TT;GG;CC;CT;TT;GT;CC;GG;GG;CC;GG;AA;CC;TT;CC;GG;GG;CC;GG;TT;CC;AC;CT;AA;TT;AA;AA;GG;AA;TT;CC;AA;GG
0;CC;AG;AG;AG;CC;TT;GG;CC;TT;TT;GG;CC;TT;AA;GG;GG;AA;AA;AC;AC;CT;CC;AG;CT;CT;TT;GG;AG;CT;CC;GG;GG;TT;AC;AA;AT;CT;AG;AG;AG;CT;AC;CT;CT;TT;AG;AC;GG;CC;CC;AT;AC;AA;CC;AA;CC;TT;TT;GG;CC;CC;CG;CC;AC;GT;CG;TT;CT;TT;AA;TT;TT;GG;CG;CC;TT;TT;AA;GG;GG;AT;AT;GG;AG;TT;AA;CT;GG;CC;CT;TT;TT;CC;GG;GG;CC;GG;AG;CC;TT;CC;AA;AG;CC;AA;TT;TT;AC;CT;AA;GT;AA;AG;AA;AA;CT;CT;AG;GG
0;CC;AG;AG;AG;CT;CT;AG;CC;CT;TT;CG;CC;CT;AA;GG;GG;AA;AA;AC;AC;CC;CC;AG;CT;CT;TT;GG;AG;CC;CC;AG;GG;GT;AA;AG;AA;CC;AG;AA;AA;TT;AA;CC;TT;TT;GG;CC;GG;CC;CC;AA;CC;AA;CC;AA;CT;TT;TT;GG;CC;CC;CG;CC;AA;TT;CC;GT;CC;TT;AG;TT;AT;AG;CG;CG;TT;TT;AA;GG;GG;TT;AT;GG;GG;TT;AA;CT;GG;CC;TT;TT;TT;CC;GG;AG;CC;GG;AG;CC;TT;CT;GG;GG;CG;AG;TT;CT;AA;CC;AA;TT;AC;AA;AG;AA;TT;CC;AA;GG
0;TC;AG;AG;AG;CC;CT;GG;CC;CT;TT;CG;CC;CT;AA;GG;GG;AT;AA;AA;CC;CT;CC;GG;CC;CC;TT;GG;GG;CC;CT;AG;GG;GT;AA;AG;AA;CC;AG;AA;AA;TT;AA;CC;TT;TT;GG;CC;GG;CC;CC;AA;CC;AA;CC;AA;CC;TT;TT;GG;CC;CC;CG;GG;AA;TT;CC;GT;CC;TT;AG;TT;AT;AG;CG;CG;TT;TT;AA;GG;GG;TT;AT;GG;GG;TT;AA;TT;GG;CC;TT;TT;TT;AC;GG;AA;CC;GG;AG;CC;TT;CT;GG;GG;CG;AG;TT;CT;AA;CC;AA;TT;AA;AA;AG;AA;TT;CC;AA;GG
0;TT;GG;GG;AA;CC;CT;GG;CT;CC;TT;CC;CC;CC;AG;GT;AG;AA;AA;AA;CC;CC;CC;GG;CC;CC;TT;GG;GG;CC;CC;AG;GG;GT;AA;AG;AA;CC;AG;AA;AA;TT;AA;TT;CC;TT;GG;CC;GG;CC;CC;TT;AA;AA;CC;AA;CT;TT;TT;GG;CC;CC;CC;GG;AA;TT;CC;GT;CC;TT;AG;TT;AT;AG;CG;CG;TT;NA;AG;GG;GG;AA;AT;GG;AA;TT;AA;CT;GG;CC;CC;TT;GT;CC;GG;AG;CC;GG;GG;CC;TT;CT;GG;GG;CG;AG;TT;CT;AA;CC;AA;GG;AA;AA;AG;AA;TT;CC;AA;GG
0;CC;GG;GG;AA;CC;CC;AG;CT;CC;TT;CC;CC;CC;AG;GT;AG;AA;AA;AA;CC;CT;CC;AG;CC;CT;TT;AG;AG;CC;CC;GG;GG;GG;AA;AA;AA;CT;AG;AA;AG;CT;AA;CT;CT;CT;GG;AC;GG;CT;CC;AT;AC;AA;CC;AA;CT;TT;TT;GG;CT;CC;CG;CC;AA;TT;CC;TT;CC;TT;AA;TT;TT;GG;CG;GG;TT;NA;AA;GG;GG;AT;AT;GG;AG;CT;AA;CC;GG;CC;CT;TT;GG;CC;GG;GG;CC;GG;AG;CC;TT;CC;GG;GG;CC;GG;TT;CT;AC;CT;AA;GT;CC;AA;GG;AA;TT;CC;AA;CC
0;TC;GG;GG;AA;CC;CC;AG;CT;CC;TT;CG;CC;CT;AA;GG;GG;AA;AA;AC;CC;CT;CC;GG;CC;CC;TT;GG;GG;CC;CC;GG;GG;GG;AA;AG;AA;CC;AG;AA;AA;TT;AA;CC;CT;CT;GG;AC;AG;CT;CT;AA;AC;AA;CC;AA;CT;TT;TT;GG;CC;CC;CG;CG;AA;TT;CC;GT;CC;TT;AA;TT;TT;GG;CG;GG;TT;AT;AA;GG;GG;TT;AT;GG;AG;TT;AA;CC;GG;CC;CT;TT;GT;CC;GG;AG;CC;NA;AG;CC;TT;CC;GG;GG;CC;GG;TT;CC;AA;CC;AA;TT;AC;AA;GG;AA;TT;CC;AA;GG
0;CC;GG;GG;AA;CT;TT;GG;CC;TT;TT;GG;CC;TT;AA;GG;GG;AT;AA;AA;CC;CC;CC;GG;CC;CC;TT;GG;GG;CC;CC;GG;GG;GG;AA;AG;AA;CT;AG;AA;AG;CT;AA;CT;CT;TT;GG;CC;GG;CC;CC;AT;AC;AA;AC;AA;CC;TT;TT;GG;CC;CC;CG;CG;AA;TT;CC;GT;CC;TT;AA;TT;TT;GG;CG;GG;TT;NA;GG;GG;GG;AT;AT;GG;AG;TT;AA;CC;GG;CC;CT;TT;GT;CC;GG;AA;CC;AG;AG;CC;TT;CC;GG;GG;CC;GG;TT;CC;AC;CT;AA;GT;AC;AA;GG;AA;TT;CC;AA;GG
0;CC;AA;AG;AG;CT;TT;AG;CC;CT;TT;CG;CC;CT;AA;GG;GG;AT;AA;AC;AC;CT;CT;GG;CT;CT;GT;GG;AG;CT;CT;GG;GG;GG;AA;AA;AA;CT;AG;AG;AG;CT;AC;CC;TT;CT;AG;AC;AG;CT;CT;AT;CC;AA;CC;AG;CC;GT;GT;GG;CT;CT;CG;CG;AA;TT;CG;GT;CT;AT;AG;TT;TT;GG;CG;CG;TT;TT;AG;GT;GG;TT;AT;GG;GG;TT;AG;CC;GG;CC;TT;TT;TT;CC;GG;GG;CC;GG;AG;CG;TT;CC;GG;GG;CG;GG;GT;CT;AC;CT;AG;GT;AC;AG;GG;AA;TT;CT;AA;CG
0;CC;GG;GG;AA;NA;CC;GG;NA;NA;NA;CC;NA;CC;AA;NA;NA;AA;AA;AA;CC;TT;CC;GG;CC;CC;GT;GG;GG;CC;CC;GG;GG;GT;AC;AG;AT;CC;GG;AG;AA;TT;AA;CT;CT;CT;GG;AC;GG;CT;CC;AT;AC;AA;CC;AG;CT;TT;TT;GG;CT;CC;CC;CC;AC;TT;CG;GT;CT;TT;AA;TT;TT;GG;GG;CG;TT;NA;AA;GT;GG;TT;AT;GG;AG;TT;AA;CC;GG;CC;CT;TT;TT;CC;GG;AG;CC;GG;GG;CC;TT;CC;GG;GG;CC;AG;TT;CT;AA;CC;AA;GT;AC;AG;AG;AA;CT;CT;AG;GG
0;CC;GG;GG;AA;CC;CC;AG;CT;NA;TT;CC;CC;CC;AA;GG;GG;NA;AA;NA;NA;NA;NA;GG;NA;NA;NA;GG;NA;NA;NA;GG;GG;GG;AA;GG;AA;NA;GG;NA;AA;NA;NA;CT;CT;NA;NA;NA;NA;NA;NA;NA;AA;AA;CC;NA;NA;NA;NA;GG;CC;NA;NA;NA;NA;NA;NA;NA;NA;NA;NA;NA;NA;NA;NA;NA;NA;NA;NA;NA;GG;NA;AT;GG;NA;NA;NA;NA;NA;NA;NA;NA;GG;NA;NA;NA;NA;NA;NA;NA;TT;NA;NA;NA;NA;NA;NA;NA;NA;NA;NA;NA;NA;NA;NA;AA;NA;NA;NA;NA
0;CC;AG;AG;AG;CT;CT;GG;CC;CT;TT;CC;CC;CT;AA;GG;GG;AA;NA;AA;CC;CT;CC;NA;CC;CC;TT;NA;GG;CC;CC;NA;NA;NA;NA;NA;NA;NA;NA;AA;NA;TT;AA;NA;NA;TT;GG;AA;AG;TT;CT;AT;NA;NA;NA;AA;CT;TT;TT;NA;NA;CC;CC;CC;AA;TT;CC;GG;CC;TT;AA;TT;TT;GG;GG;GG;TT;TT;AG;TT;GG;AT;AT;GG;AA;TT;AA;CC;GG;TT;CC;TT;GT;CC;NA;GG;CC;GG;GG;CC;TT;CC;GG;GG;CC;GG;TT;CC;AA;CC;AA;GT;AA;AA;GG;AA;TT;CC;AA;GG
0;CC;AG;AG;AG;CC;CT;GG;CC;CC;TT;CC;CC;CC;GG;TT;AA;AT;AA;AA;CC;CT;CC;GG;CC;CC;GT;GG;GG;CC;CT;AG;GG;GT;AA;AG;AA;CC;AG;AA;AA;TT;AA;CC;CT;CT;GG;AC;AG;CT;CT;AA;AC;AA;CC;AA;CT;TT;TT;GG;CC;CC;CG;CC;AA;TT;CC;GT;CC;TT;AG;TT;AT;AG;CG;CG;TT;NA;AA;GG;GG;TT;AT;GG;AG;TT;AA;CT;GG;CC;CT;TT;GT;CC;GG;GG;CC;GG;AG;CG;TT;CT;AG;GG;CG;AG;TT;CT;AA;CC;AA;TT;AA;AA;AG;AA;TT;CC;AA;GG
0;CC;AA;AG;AG;CC;CC;AG;CC;CT;TT;CC;CC;CC;AG;GG;AG;AT;AA;AC;CC;CT;CC;AA;CT;TT;TT;GG;AG;CC;CC;AG;GG;GT;AA;AG;AA;CC;AG;AA;AA;TT;AA;CC;TT;TT;GG;CC;GG;CC;CC;AA;CC;AA;CC;AA;CC;TT;GT;GG;CT;CC;GG;CC;AA;TT;CC;GT;CC;AA;AG;TT;AT;AG;CG;CG;CT;NA;AA;GG;GG;TT;AT;GG;GG;TT;AA;CC;GG;CC;TT;TT;GG;CC;GG;GG;CC;GG;AA;CC;TT;CT;GG;GG;CG;AG;GG;CT;AA;CC;AA;TT;AA;AA;AG;AA;TT;CC;AA;GG
0;CC;AG;AG;AG;CC;CT;GG;CC;CT;TT;CG;CC;CT;AA;GG;GG;AT;AA;AA;CC;CC;CC;GG;CC;CC;TT;GG;GG;CC;CC;GG;GG;GG;AA;AA;AA;CT;AG;AA;AG;CT;AA;CC;TT;TT;GG;CC;GG;CC;CC;AT;AC;AA;CC;AA;CC;TT;TT;GG;CC;CC;CG;CG;AA;TT;CC;TT;CC;TT;AA;TT;TT;GG;CG;GG;TT;TT;AA;GG;GG;TT;AT;GG;AG;CT;AA;TT;GG;CC;CT;TT;GT;CC;GG;AG;CC;GG;AG;CC;TT;CC;GG;GG;CC;GG;TT;CT;AC;CT;AA;TT;AA;AA;GG;AA;TT;CC;AA;GG
0;CC;GG;GG;AA;CT;TT;GG;CC;CT;TT;CC;CC;CT;AG;GT;AG;NA;AA;AA;NA;CT;CC;GG;CC;CC;TT;GG;GG;CC;CC;GG;GG;GG;AA;GG;AA;CC;GG;AA;AA;TT;AA;TT;CC;CT;GG;AC;NA;CT;CC;TT;AA;AA;CC;AA;TT;TT;TT;GG;CC;CC;CG;CC;AA;TT;CC;NA;CC;TT;AA;TT;TT;GG;GG;GG;TT;TT;AA;TT;GG;AT;AT;GG;AA;TT;AA;CC;GG;CC;CC;TT;GT;CC;GG;AG;CC;GG;AG;CC;TT;CC;GG;GG;CC;GG;TT;CC;AA;CC;AA;GG;CC;AA;GG;AA;TT;CC;AA;GG
0;CC;AG;AG;AG;CC;CT;GG;CT;CT;TT;CG;CC;CT;AA;GG;GG;AA;AA;AC;AC;CT;CC;GG;CC;CC;TT;GG;GG;CC;CC;GG;GG;GG;AA;GG;AA;CC;GG;AA;AA;TT;AA;CT;CT;TT;GG;CC;GG;CC;CC;AT;AC;AG;CC;AA;CT;TT;TT;GG;CC;CC;CG;CC;AA;TT;CC;GG;CC;TT;AA;TT;TT;GG;GG;GG;TT;AT;AA;TT;GG;AT;AT;GG;AG;TT;AA;CT;GG;CT;CT;TT;GT;CC;AG;AG;CC;GG;AG;CC;TT;CC;GG;GG;CC;GG;TT;CC;AA;CC;AA;GT;AA;AA;GG;AA;TT;CC;AA;GG
0;CC;AG;AG;AG;CC;CT;GG;CC;CT;TC;CG;CC;CT;AG;GG;GG;AT;AG;AA;CC;CT;CC;AG;CC;CC;TT;GG;GG;CC;CC;GG;GG;GG;AA;GG;AA;CC;AA;AA;AA;TT;AA;CC;TT;TT;GG;CC;GG;CC;CC;AA;CC;AA;CC;AA;CT;TT;TT;NA;CC;CC;CG;CC;AA;TT;CC;GG;CC;TT;AA;TT;TT;GG;CC;GG;TT;TT;AA;GT;GG;TT;AT;GG;GG;TT;AA;TT;GG;TT;TT;TT;GT;CC;GG;GG;CC;GG;AG;CC;TT;CC;AG;GG;CC;GG;TT;CC;NA;CC;AA;TT;AA;AA;GG;AA;TT;CC;AG;CG
0;CC;GG;GG;AA;CT;CT;GG;CC;CT;TT;CG;CC;CT;AA;GG;GG;NA;AA;AA;NA;CC;CC;GG;CC;CC;TT;GG;GG;CC;CC;GG;GG;GG;AA;GG;AA;CC;GG;AA;AA;TT;AA;CT;CT;CC;GG;AA;AG;TT;CC;AT;AC;AA;CC;AA;CC;TT;TT;GG;CC;CC;CG;CG;AA;TT;CC;NA;CC;TT;NA;TT;TT;GG;GG;NA;TT;TT;AA;TT;GG;AT;AT;GG;AA;TT;AA;CC;GG;CC;CC;TT;GT;CC;GG;AG;CC;GG;GG;CC;TT;CC;GG;GG;CC;AG;TT;CC;AA;CC;AA;NA;CC;AA;GG;AA;TT;CC;AA;GG
0;CC;GG;GG;AA;CC;CC;AG;CC;CC;TT;CC;CC;CC;AA;GG;GG;NA;AA;NA;NA;NA;CC;GG;CC;NA;NA;GG;NA;CC;CT;GG;GG;GT;AC;AG;AT;CC;GG;AG;AA;TT;AA;CC;TT;TT;GG;NA;GG;NA;NA;NA;CC;AA;CC;AA;CC;NA;TT;GG;CC;NA;NA;NA;AC;TT;GG;NA;TT;NA;NA;TT;TT;GG;GG;NA;TT;TT;GG;NA;GG;TT;AT;GG;GG;TT;AA;CC;GG;TT;TT;TT;GT;CC;NA;AG;CC;GG;GG;NA;TT;CC;GG;GG;NA;AG;NA;CT;AA;NA;AA;NA;AC;NA;AG;AG;CT;NA;AG;GG
0;CC;GG;AG;AG;TT;TT;GG;CC;TT;TT;GG;CC;TT;AA;GG;GG;AA;AG;AC;CC;TT;CT;AG;CC;CT;TT;AG;AG;CC;CC;GG;GG;TT;CC;AA;TT;CC;GG;GG;AA;TT;AA;CT;CT;TT;GG;AC;AG;CT;CT;AT;AA;AA;CC;AA;CT;TT;TT;GG;CC;CC;CG;CC;CC;TT;GG;TT;TT;AT;AA;TT;TT;GG;GG;CC;TT;TT;AG;GG;GG;TT;AT;GG;AG;TT;AA;CC;AG;CC;CC;TT;GT;CC;GG;AG;CC;GG;AG;CG;TT;CC;GG;GG;CC;AA;TT;TT;AA;CC;AA;GT;AC;GG;AA;AA;CC;TT;GG;GG
0;TC;AG;AG;AG;CC;CT;GG;CT;CC;TT;CG;CC;CT;AA;GG;GG;AA;AA;AA;NA;CT;CC;AG;CT;NA;TT;GG;AG;CC;CC;GG;GG;GG;AA;AA;AA;CT;AG;AA;AG;CT;AA;CC;TT;TT;GG;CC;GG;CC;CC;AA;CC;AA;CC;AA;CT;TT;TT;GG;CC;CC;CC;CG;AA;TT;CC;TT;CC;TT;AA;TT;TT;GG;CC;GG;TT;TT;AA;GG;GG;TT;AT;GG;GG;TT;AA;CT;GG;CC;TT;TT;TT;CC;GG;AG;CC;GG;GG;CG;TT;CC;GG;GG;CC;GG;TT;CT;AC;CT;AA;NA;AC;AA;GG;AG;TT;CC;AA;CG
0;CC;GG;GG;AG;CT;CT;GG;CT;CT;TT;CG;NA;CT;AA;NA;NA;NA;AG;NA;NA;NA;NA;GG;NA;NA;NA;GG;NA;NA;NA;AG;AG;GT;AA;AA;AT;CC;AG;NA;AA;NA;NA;CC;CT;NA;NA;NA;NA;NA;NA;NA;CC;AG;AC;NA;NA;NA;NA;GG;CT;NA;NA;NA;AA;TT;NA;NA;NA;NA;NA;CC;AT;AG;CC;NA;NA;NA;NA;NA;NA;TT;NA;NA;GG;TT;NA;CC;AG;CC;TT;TT;NA;CC;NA;AG;CC;NA;AG;NA;NA;CC;AG;GG;NA;AG;NA;TT;AC;NA;NA;NA;AC;NA;AG;NA;TT;NA;AA;NA
0;CC;AG;GG;AA;CC;CT;GG;CT;NA;NA;CC;CC;CC;AA;GG;GG;NA;AA;AA;NA;TT;CC;GG;CC;NA;TT;GG;GG;CC;CC;AG;GG;GG;AA;AA;AA;CC;AG;AA;AA;TT;AA;CT;CT;TT;AG;CC;GG;CC;CC;TT;AC;AA;CC;AA;CC;TT;TT;GG;CC;NA;CC;CC;AA;TT;CC;TT;CC;TT;NA;TT;AT;AG;CC;CC;TT;TT;AA;GG;GG;TT;AT;GG;AG;TT;AA;TT;GG;CC;CT;TT;GT;CC;GG;AA;CC;GG;GG;CC;TT;CT;GG;GG;NA;AG;TT;TT;AA;CC;AA;NA;AA;AA;AG;AA;TT;CC;AA;CC
0;CC;GG;GG;AA;CC;CT;GG;CT;CC;TT;CC;CC;CC;AA;GG;GG;AT;AA;AA;CC;CT;CC;AA;TT;TT;TT;GG;AA;CT;CC;GG;GG;GG;AA;AA;AA;CC;GG;AA;AA;TT;AA;CC;TT;TT;GG;CC;GG;CC;CC;AA;CC;AA;AC;AA;CC;TT;TT;GG;CC;CC;CG;GG;AA;TT;CC;TT;CC;AA;AA;CT;TT;GG;GG;GG;NA;NA;AA;GG;NA;TT;NA;NA;GG;TT;AA;TT;GG;CC;TT;TT;NA;CC;GG;AG;CC;GG;AG;CG;NA;CC;GG;GG;CC;GG;GG;TT;AA;CC;AA;TT;AA;AA;AG;NA;TT;CC;AA;GG
0;CC;GG;AG;AG;CC;CC;GG;CT;CC;TT;CC;CC;CC;AA;GG;GG;AA;AA;AA;CC;CT;CC;GG;CC;CC;TT;GG;GG;CC;CC;GG;GG;GG;AA;AG;AA;CC;GG;AA;AA;CC;AA;CC;TT;TT;GG;AC;AG;CT;CC;AT;AC;AA;CC;AA;CC;TT;TT;GG;CC;CC;CC;CG;AA;TT;CC;TT;CC;TT;AG;CT;TT;GG;GG;CG;TT;TT;AG;GG;GG;TT;AT;GG;GG;TT;AA;CC;GG;NA;CT;TT;GT;CC;GG;NA;CC;GG;AG;CC;TT;CC;GG;GG;CG;GG;TT;TT;AA;CT;AA;GT;AA;AA;GG;AA;TT;CC;AA;GG
0;CC;AA;AA;GG;CC;CC;AG;CC;CC;TT;CC;CC;CC;AA;GG;GG;AA;GG;AA;CC;TT;CC;AA;CC;CC;TT;GG;GG;CC;CC;NA;AG;GG;NA;NA;AA;CC;AA;AG;AA;TT;AA;TT;CT;CT;GG;AC;GG;CT;CC;TT;NA;AG;CC;AA;CC;TT;TT;NA;NA;CC;CC;CC;AC;GT;CG;TT;CT;TT;AA;CC;TT;AG;CC;CG;TT;NA;AA;GG;GG;TT;AT;GG;NA;TT;AA;CC;AA;TT;NA;TT;GG;CC;GG;AG;NA;GG;AA;CC;TT;CC;AG;GG;CC;AA;TT;TT;NA;CC;AA;GG;AC;AG;NA;AA;NA;CT;GG;GG
0;CC;AG;AG;AG;CC;CT;GG;CC;CT;TT;CC;CC;CT;AA;NA;GG;AA;AG;AC;AC;CT;CC;GG;CC;CC;TT;GG;GG;CC;CC;GG;GG;TT;AA;AA;AA;TT;AA;AA;GG;CC;AC;CC;TT;TT;GG;CC;GG;CC;CC;AA;CC;AA;CC;AA;CC;TT;TT;GG;CC;CC;CG;CC;AA;GG;CC;TT;CC;TT;AA;CT;TT;GG;CC;CC;TT;NA;AA;GG;GG;TT;AT;GG;GG;TT;AA;CC;GG;CC;TT;TT;GT;CC;GG;GG;CC;GG;AG;CC;TT;CT;AA;AG;CC;AA;TT;TT;CC;TT;AA;TT;AA;AA;AA;AA;TT;CC;AA;GG
0;CC;AG;AA;GG;CT;CT;GG;CC;NA;TT;CG;CC;TT;NA;GG;GG;AA;AG;AC;AC;CT;CC;AG;CC;TT;TT;GG;AG;CC;CC;GG;GG;GG;AA;AA;AA;CC;AG;AA;AG;CT;AA;CC;TT;TT;GG;CC;GG;CC;CC;AA;CC;AG;CC;AG;CT;TT;TT;GG;CC;CC;CG;CG;NA;TT;CC;TT;CC;AT;AA;TT;TT;GG;CG;GG;TT;TT;AA;GG;GG;TT;AT;GG;GG;TT;AA;CC;GG;NA;TT;TT;GT;CC;GG;NA;CC;GG;AG;CC;TT;CC;GG;GG;CC;AG;GT;TT;CC;CT;AA;TT;AA;AA;NA;AA;TT;CC;AA;GG
0;CC;AG;GG;AA;CC;CC;GG;CT;CC;TT;CC;CC;CC;AA;GG;GG;NA;AA;NA;NA;NA;CC;AA;NA;NA;TT;GG;NA;CC;CC;AG;GG;GT;AA;AA;AA;CC;AG;AA;AA;TT;AA;CC;CT;TT;GG;AA;NA;CC;CC;AA;AC;AA;CC;NA;CT;TT;TT;GG;CC;NA;NA;CC;AA;TT;CC;NA;CC;NA;GG;TT;AT;AG;CC;CC;NA;NA;NA;GG;NA;TT;NA;NA;AG;CT;AA;CC;AG;CC;CT;TT;NA;CC;GG;GG;CC;NA;AG;NA;NA;CT;GG;GG;NA;AG;NA;TT;AA;CC;NA;NA;AC;AA;AG;NA;TT;CC;AA;NA
0;CC;NA;NA;AG;CC;CT;AG;CC;CT;TT;CG;CC;CT;AA;GG;GG;AA;AA;AA;CC;CT;CC;GG;CC;CC;TT;GG;GG;CC;CC;GG;GG;GG;AA;AG;AA;CT;AG;AA;AG;CT;AA;CC;TT;TT;GG;CC;GG;CC;CC;AA;CC;AA;CC;AA;CC;TT;TT;GG;CC;CC;CC;CC;AA;TT;CC;TT;CC;TT;AA;TT;TT;GG;CC;GG;TT;TT;AG;GG;GG;TT;AT;GG;GG;TT;AA;CC;GG;CC;TT;TT;GG;CC;GG;GG;CC;GG;GG;CG;TT;CC;GG;GG;CC;GG;TT;CC;AC;CT;AA;TT;AC;AA;GG;AA;TT;CC;AA;GG
0;CC;AG;AG;AG;CT;CT;GG;CT;CT;TT;CG;CC;CT;AA;GG;GG;NA;AA;NA;NA;NA;NA;GG;CC;NA;TT;GG;NA;CC;CC;GG;GG;GT;AC;AA;AT;CC;AG;AG;AG;CT;AA;CT;CT;TT;GG;NA;GG;CC;CC;NA;AC;AA;CC;NA;NA;NA;TT;GG;CC;NA;NA;NA;AC;TT;GG;NA;CT;NA;NA;TT;TT;GG;CC;NA;TT;TT;GG;NA;GG;TT;AT;GG;AG;TT;AA;CC;AG;CC;CT;TT;TT;CC;NA;AG;CC;NA;AG;NA;TT;CC;GG;GG;NA;AG;NA;CT;AC;NA;NA;NA;AA;NA;AG;GG;CT;NA;AG;NA
0;CC;GG;GG;AA;CC;CC;AG;CC;CC;TT;GG;CC;CC;AA;GG;GG;TT;GG;AA;CC;CC;CC;NA;CC;CC;GG;NA;GG;CC;TT;NA;NA;GT;NA;NA;NA;NA;NA;AA;NA;CT;AA;TT;NA;TT;GG;CC;GG;CC;CC;TT;NA;AA;NA;NA;CT;TT;TT;NA;NA;CC;GG;CG;NA;GG;CC;GT;CC;TT;AA;NA;NA;NA;GG;GG;TT;TT;AA;GG;GG;NA;AT;GG;NA;NA;AA;TT;NA;NA;NA;TT;GT;NA;GG;NA;NA;GG;NA;CC;TT;NA;NA;GG;CC;NA;TT;NA;CC;CT;AA;GG;AA;AA;NA;AA;NA;CC;NA;GG
0;CC;AG;AG;AG;TT;TT;GG;CC;TT;TT;GG;CC;TT;AA;GG;GG;TT;AA;AA;CC;CC;CC;AG;CT;CT;TT;GG;AG;CC;CC;GG;GG;TT;AA;AA;AA;CC;GG;AA;AA;TT;AA;CC;CT;CT;GG;AC;GG;CT;CT;AA;AC;AA;CC;AG;TT;TT;GT;GG;CC;CC;GG;CC;AA;TT;CC;TT;CC;AT;AA;TT;TT;GG;GG;CC;TT;TT;AA;GG;GG;AT;AT;GG;AG;TT;AA;CC;GG;CC;CT;TT;GT;CC;GG;AA;CC;GG;AA;CC;TT;CC;GG;GG;CC;AA;GT;TT;AA;CC;AA;TT;AA;AA;AA;AA;TT;CC;AA;GG
0;CC;GG;AG;AG;CC;CC;GG;TT;CC;TT;CC;CC;CC;AA;GG;GG;NA;AG;NA;NA;NA;NA;AG;CC;NA;TT;GG;NA;NA;NA;GG;GG;GG;AA;GG;AA;CC;GG;AA;AA;TT;AA;CC;TT;TT;GG;NA;NA;CC;CC;NA;CC;AA;AC;NA;NA;NA;TT;GG;CC;NA;NA;NA;AA;TT;NA;NA;CC;NA;NA;TT;TT;GG;GG;NA;TT;TT;NA;NA;GG;TT;AT;GG;GG;TT;NA;CC;AG;TT;CT;TT;TT;CC;NA;GG;CC;NA;AG;NA;TT;CC;AG;GG;NA;GG;TT;CC;AC;NA;NA;NA;AC;AA;GG;AA;TT;CC;AA;NA
0;CC;GG;AG;AG;CC;CC;GG;CT;CC;TT;CG;CC;CT;AA;GG;GG;AT;AA;AA;AC;CT;CT;GG;CC;CT;TT;GG;AG;CC;CC;AG;GG;TT;AC;AG;AA;CC;AG;AA;AA;CT;AA;CC;CT;TT;GG;AC;GG;CC;CC;AA;AC;AA;CC;AG;CT;TT;GT;GG;CT;NA;NA;NA;AC;TT;NA;NA;NA;NA;NA;CT;AT;AG;CG;NA;TT;NA;NA;NA;GG;AT;AT;GG;AG;TT;NA;CT;GG;CT;CT;TT;NA;CC;NA;AG;CC;NA;AG;NA;TT;CT;GG;GG;NA;AA;NA;TT;AA;NA;NA;NA;AC;NA;AA;AA;TT;NA;AA;NA
0;CC;GG;AG;AG;CC;CT;AG;CC;CC;TT;CC;CC;CC;AG;GT;AG;NA;AG;NA;NA;NA;NA;GG;NA;NA;NA;AG;NA;NA;NA;AG;GG;NA;AA;AA;AA;CT;AA;NA;AG;NA;NA;CC;TT;NA;NA;NA;NA;NA;NA;NA;CC;AA;NA;NA;NA;NA;NA;GG;CC;CC;CC;CC;AA;GT;CC;TT;CC;TT;AG;CT;AT;AG;CC;CC;TT;TT;AG;GG;GG;TT;AT;GG;GG;TT;AA;CC;GG;NA;TT;TT;GG;CC;GG;NA;CC;GG;GG;CG;TT;TT;AA;GG;CG;AA;TT;TT;CC;CT;AA;GT;AC;AA;AA;AG;TT;CC;AA;NA
0;CC;AG;GG;AA;CC;CC;GG;CC;CT;TT;CC;CC;CT;AG;GT;AG;AT;AA;AC;CC;CT;CT;GG;CC;CC;TT;GG;GG;CC;CC;GG;GG;GG;AA;AG;AA;CT;GG;AA;AG;CT;AA;CC;TT;TT;GG;CC;GG;CC;CC;AA;CC;AA;CC;AG;CC;TT;TT;GG;CT;CC;GG;CC;AA;TT;CC;GT;CC;TT;AA;TT;NA;GG;CG;GG;TT;TT;AA;GT;GG;TT;AT;GG;GG;TT;AA;TT;GG;CT;TT;TT;GG;CC;GG;GG;CC;GG;AA;CC;TT;CC;GG;GG;CC;GG;TT;CC;AC;CT;AA;TT;AA;AA;GG;AA;TT;CC;AA;CG
0;CC;AA;AG;AG;NA;CT;NA;CC;CC;TC;CG;CC;CT;AG;GG;GG;AA;AA;AC;CC;TT;CT;AA;CC;CT;TT;GG;AA;CC;CC;GG;GG;GG;AA;AG;AA;CC;GG;AA;AA;TT;AA;TT;CC;TT;AA;CC;GG;CC;CC;TT;AA;AA;CC;AA;TT;TT;TT;GG;CC;CC;CG;CC;AA;TT;CC;GT;CC;AA;AA;TT;TT;GG;GG;GG;TT;AT;AA;GG;GG;AT;AT;GG;AA;CT;AA;CC;GG;TT;CC;TT;GG;CC;GG;AG;CC;GG;AG;CG;TT;CC;GG;GG;CC;GG;GG;CT;AA;CC;AA;GG;AC;AA;GG;AA;TT;CC;AA;CC
0;CC;AA;AA;GG;NA;CC;GG;TT;CC;TT;CC;CC;CC;AA;GG;GG;NA;AA;AA;NA;NA;CC;AG;CC;NA;GT;GG;AG;CC;CT;GG;GG;GG;AA;AG;AA;CC;AG;AA;AG;CT;AA;CT;CT;TT;AG;CC;GG;CC;CC;TT;AC;AA;CC;AA;CC;TT;GT;GG;CC;CC;CG;GG;AA;TT;CC;TT;CC;TT;AA;TT;TT;GG;CC;GG;NA;NA;AA;GG;NA;TT;NA;NA;AG;TT;AA;CT;AG;TT;CT;TT;NA;CC;AG;AG;CC;GG;AG;CG;NA;CC;GG;GG;CC;GG;TT;CC;CC;CT;AA;GG;AA;AA;AG;NA;TT;CC;AA;NA
0;CC;AG;AG;AG;NA;CT;GG;CT;CC;TT;CG;CC;CT;AA;GG;GG;AT;AG;AA;CC;TT;CT;GG;CC;CT;TT;GG;GG;CC;CT;GG;GG;GG;AA;GG;AA;CC;AG;AA;AA;TT;AA;CT;CT;TT;GG;AC;GG;CC;CC;AT;AC;AA;CC;AG;CC;TT;TT;AG;CC;CC;CC;CC;AC;TT;CC;GG;CC;TT;AA;CT;TT;GG;GG;GG;NA;NA;AG;GT;NA;TT;NA;NA;AG;TT;AA;CT;AG;CC;CT;TT;NA;CC;GG;AG;CC;AG;GG;CG;NA;CC;AG;GG;CC;GG;TT;CC;AC;CC;AA;GT;AC;AA;AG;NA;CT;CC;AA;GG
0;CC;AG;AG;AG;NA;CT;AG;CC;NA;TT;CG;TT;CT;NA;NA;NA;AT;AG;AC;AC;CT;CC;AG;CT;CT;TT;GG;GG;CT;CC;GG;GG;GG;AA;AA;AA;CC;AA;AA;AG;CT;AA;CC;TT;TT;GG;CC;GG;CC;CC;AA;CC;AA;CC;AG;CC;TT;GT;GG;TT;CC;CG;CC;AA;TT;CC;TT;CC;AT;AA;CT;TT;GG;CC;GG;NA;NA;AG;GG;NA;TT;NA;NA;GG;TT;AA;CT;AG;CC;TT;TT;NA;CC;GG;GG;CC;GG;AG;CG;NA;CC;AG;GG;CC;GG;TT;CT;AC;CT;AA;TT;AA;AA;AG;NA;TT;CC;AA;GG
0;CC;AG;AA;GG;CC;CT;GG;CC;CT;TT;GG;CC;CC;AG;GT;GG;AA;AA;AC;AC;CT;CC;GG;CC;CC;TT;GG;GG;CC;CC;GG;GG;GT;AC;AA;AT;CT;AG;AG;AG;CT;AA;CT;CT;CT;GG;AC;GG;CT;CC;AT;AC;AA;CC;AA;CC;TT;TT;GG;CC;CC;CG;CG;AC;TT;CG;TT;CT;TT;AA;TT;TT;GG;CG;CG;NA;NA;AG;GG;NA;TT;NA;NA;AG;TT;AA;TT;GG;CC;CT;TT;NA;CC;GG;AG;CC;GG;AG;CG;NA;CC;GG;GG;CC;AG;TT;CT;AC;CT;AA;GT;AA;AG;AG;NA;CT;CT;AG;GG
0;CC;AG;AG;AG;CC;CC;GG;TT;CC;TT;CC;CC;CC;AA;GG;GG;AA;AA;AC;AC;CT;CC;GG;CC;CC;TT;GG;GG;CC;CC;AG;GG;GG;AA;AA;AA;CC;AG;AA;AA;TT;AA;CT;TT;TT;GG;CC;GG;CC;CC;AT;AC;AA;CC;AA;CC;TT;TT;GG;CC;CC;CG;CG;AA;TT;CC;TT;CC;TT;AG;CT;AT;AG;CC;CG;TT;AT;AA;GG;GG;TT;AT;GG;AG;TT;AA;CT;AG;CC;CT;TT;GT;CC;GG;GG;CC;GG;AG;CC;CT;CT;AG;GG;CG;AG;TT;TT;AA;CC;AA;GT;AA;AA;AG;AA;TT;CC;AA;GG
0;CC;GG;GG;AA;CC;CT;AG;CC;CT;TT;CG;CC;CT;AA;GG;GG;AT;AG;AC;CC;TT;CC;AG;CT;CT;TT;AG;AG;CC;CC;GG;GG;GT;AA;AG;AA;CC;GG;AA;AA;TT;AA;CT;CT;TT;GG;CC;GG;CC;CC;AT;AC;AA;CC;AG;CC;TT;GT;GG;CT;CC;CC;CC;AA;TT;CC;GT;CC;AT;AA;CT;TT;GG;GG;GG;TT;TT;AG;GT;GG;TT;AT;GG;AG;TT;AA;CC;AG;CC;CT;TT;GG;CC;GG;GG;CC;AG;GG;CG;CT;CC;GG;GG;CC;AG;TT;CT;AC;CC;AA;GT;AC;AA;AG;AG;TT;CC;AA;GG
0;CC;AG;GG;AA;CC;CC;GG;TT;CC;TT;CC;CC;CC;AA;GG;GG;AA;AG;AA;CC;CC;CC;GG;CC;CC;TT;GG;GG;CC;CC;GG;GG;GG;AA;AG;AA;CC;AG;AA;AA;TT;AA;CC;TT;TT;GG;CC;GG;CC;CC;AA;CC;AA;AC;AA;CC;TT;TT;GG;CC;CC;CC;CC;AA;TT;CC;GT;CC;TT;AA;CT;TT;GG;CG;GG;TT;TT;GG;GT;GG;TT;AT;GG;GG;TT;AA;CC;AG;CT;TT;TT;TT;CC;GG;GG;CC;GG;GG;CG;TT;CC;AG;GG;CC;GG;TT;TT;AC;CC;AA;TT;AC;AA;AG;AG;TT;CC;AA;GG
0;CC;AG;AG;AG;CC;CC;AG;CC;CC;TT;CC;CC;CC;AA;GG;GG;AT;NA;AC;CC;CC;CC;NA;CC;TT;TT;GG;AG;CC;CC;GG;GG;NA;AC;AG;NA;CC;AA;AA;AA;CT;AA;NA;TT;TT;GG;CC;GG;CC;CC;AT;CC;AA;NA;AA;CC;TT;TT;GG;CC;NA;NA;NA;NA;NA;NA;NA;NA;NA;NA;NA;NA;NA;NA;NA;NA;NA;NA;NA;NA;NA;NA;NA;NA;NA;NA;NA;NA;NA;NA;NA;NA;NA;NA;NA;NA;NA;NA;NA;NA;NA;NA;NA;NA;NA;NA;NA;NA;NA;NA;NA;NA;NA;NA;NA;NA;NA;NA;NA
0;CC;AG;AG;AG;CT;CT;GG;CC;CC;TT;CG;TT;CT;AA;NA;NA;AT;AA;AA;CC;CC;CC;AG;CT;CT;TT;GG;AG;CC;CC;GG;GG;GG;AA;AA;AA;CC;GG;AA;AA;TT;AA;CC;TT;TT;GG;AC;AG;CT;CT;AA;AC;AA;CC;AA;CC;TT;TT;GG;CC;CC;CG;CC;AA;TT;CC;TT;CC;AT;AA;TT;TT;GG;GG;GG;TT;TT;AA;GG;GG;TT;AT;GG;AG;CT;AA;CC;GG;NA;CT;TT;GT;CC;GG;NA;CC;GG;AG;CG;TT;CC;GG;GG;CC;GG;TT;TT;AA;CC;AA;TT;AC;AA;GG;AA;TT;CC;AA;GG
0;CC;AG;AA;GG;CT;CT;GG;CT;CT;TT;CG;CC;CT;AA;GG;GG;AA;AA;AC;AC;CT;CC;AG;CT;CT;TT;GG;AG;CC;CC;AG;GG;GG;AA;AA;AA;CT;AA;AA;AG;CC;AA;CC;TT;TT;GG;CC;GG;CC;CC;AA;CC;AA;CC;AA;CT;TT;TT;GG;CC;CC;CG;CG;AA;TT;CC;TT;CC;AT;AG;TT;AT;AG;CC;CG;TT;TT;AA;GG;GG;TT;AT;GG;GG;TT;AA;CC;GG;CC;TT;TT;GT;CC;GG;AG;CC;GG;AG;CG;TT;CT;GG;GG;CG;AG;TT;CT;AC;CT;AA;TT;CC;AA;AG;AA;TT;CC;AA;GG
0;CC;GG;AA;GG;CC;CT;GG;CT;TT;TT;CG;CC;CT;AA;GG;GG;AT;AG;AA;CC;CT;CC;AG;CT;CT;TT;GG;AG;CC;CC;GG;AG;GG;AA;AA;AA;CT;AA;AA;GG;CC;AA;TT;CT;TT;GG;CC;GG;CC;CC;TT;AC;AA;AC;AA;CC;GT;GT;GG;CT;CC;CC;CC;AA;GT;CC;GT;CC;AT;AA;CC;TT;GG;CC;CG;TT;TT;GG;GG;GG;TT;AT;GG;AG;TT;AA;CC;AG;NA;CC;TT;GT;CC;GG;GG;CC;GG;AG;CG;TT;CC;AA;GG;CC;AG;TT;TT;CC;TT;AG;GG;AC;AA;AA;NA;TT;CC;NA;CG
0;CC;AG;AG;AG;CC;CT;AG;CC;CT;TT;CC;CC;CT;AG;GG;AG;AA;NA;AC;AC;CC;CC;NA;CC;CC;TT;GG;GG;CC;CC;GG;NA;NA;AA;NA;NA;CC;NA;AA;NA;CT;AC;NA;TT;TT;GG;CC;GG;CC;CC;AA;CC;AA;NA;AA;CC;TT;TT;GG;CC;CC;CG;CC;NA;GG;CC;TT;CC;TT;AA;NA;TT;NA;NA;CG;TT;TT;AA;GG;GG;TT;AT;GG;NA;TT;AA;CC;NA;NA;NA;NA;GT;CC;GG;NA;CC;GG;NA;CC;TT;CC;AA;NA;CC;AG;TT;TT;NA;CT;AA;TT;AA;AA;NA;AA;NA;CC;NA;GG
0;CC;GG;GG;AA;CC;CT;GG;CT;CT;TT;GG;CC;CC;AG;GG;AG;AA;AG;AC;AC;CT;CC;GG;CC;CC;TT;GG;GG;CC;CC;GG;AG;NA;AC;AA;NA;CT;AA;AG;AG;CT;AA;TT;CC;CT;GG;AC;GG;CT;CC;TT;AC;AA;CC;AG;CC;TT;TT;GG;CC;CC;CG;CC;AC;GT;CG;TT;CT;TT;AA;CT;TT;NA;CC;CG;TT;TT;AA;GG;GG;TT;AT;GG;AG;TT;AA;CC;GG;NA;CC;TT;TT;CC;GG;GG;CC;GG;AG;CC;TT;CC;GG;GG;CC;AG;TT;TT;NA;CT;AA;GG;AC;AG;AA;AA;TT;CT;NA;GG
0;CC;AA;AA;GG;CC;CC;AG;CT;CC;TT;GG;CC;CC;AG;GT;AG;AT;AA;AA;CC;CT;CC;GG;CC;CC;TT;GG;GG;CC;CC;AG;GG;GG;AA;AA;AA;CC;AG;AA;AG;CT;AA;CC;TT;TT;GG;CC;GG;CC;CC;AA;CC;AG;CC;AA;CC;TT;TT;GG;CC;CC;CG;CG;AA;TT;CC;TT;CC;TT;AG;TT;AT;AG;CC;CG;TT;TT;AA;GG;GG;TT;AT;GG;GG;CT;AA;CC;GG;CC;TT;TT;GT;CC;GG;NA;CC;GG;AG;CG;CT;CT;GG;GG;CG;AG;TT;TT;AC;CT;AA;TT;AA;AA;AA;AA;TT;CC;AA;GG
0;CC;AA;AA;GG;CC;CC;GG;CT;CC;TT;CG;CC;CT;AA;GG;GG;AT;NA;AA;AC;CT;CT;NA;CC;CT;TT;GG;AG;CC;CT;AG;GG;GG;AA;AA;AA;CC;AA;AA;NA;CT;AA;NA;CT;TT;AG;CC;GG;CC;CC;AT;CC;AA;NA;AG;CC;GT;GT;GG;CC;CC;CC;CC;NA;TT;CC;GT;CC;AT;GG;NA;NA;NA;CC;CG;TT;AT;GG;GG;GG;TT;AT;GG;NA;TT;AA;CC;GG;NA;NA;NA;GT;CC;AG;NA;CC;GG;NA;CG;TT;CT;GG;GG;CG;AG;TT;TT;NA;CT;AA;GT;AC;AA;NA;AA;TT;CC;NA;GG
0;CC;AA;AA;GG;CC;CT;AA;CC;CC;TT;CG;CC;CT;AA;GG;GG;AT;AG;AC;CC;TT;CT;AG;CC;CT;TT;AG;GG;CC;CT;AG;AG;GT;AC;AG;TT;CT;AG;AG;AG;TT;AA;CT;CT;CT;GG;AC;AG;CT;CT;AT;AC;AG;AC;AA;CC;GT;GT;AG;CT;CC;CC;CC;AC;GT;CG;TT;CT;TT;AA;CT;AT;AG;CG;CC;TT;TT;GG;GG;GG;TT;AT;GG;AG;CT;AA;CT;AG;CT;CT;NA;GT;AC;AG;AG;TT;AG;AG;CG;TT;CT;AG;GG;CG;AG;TT;CT;AC;CC;AG;GG;AC;AA;AG;AA;CT;CT;GG;GG
0;CC;AG;AG;AG;CC;CT;GG;CC;CC;TT;CG;NA;CT;AA;NA;NA;NA;AA;NA;NA;NA;NA;AG;CT;NA;TT;AG;NA;CC;CC;AG;GG;GG;AA;GG;AA;CC;GG;AA;AA;NA;AA;CT;TT;TT;GG;CC;GG;CC;CC;TT;AC;AA;CC;NA;CC;TT;TT;GG;CC;NA;NA;CC;AA;TT;CC;NA;CC;NA;NA;TT;TT;GG;GG;GG;TT;TT;NA;NA;GG;AT;AT;GG;AG;TT;NA;CT;GG;TT;CT;TT;GT;CC;GG;NA;CC;NA;AG;NA;TT;CC;GG;GG;NA;GG;TT;CC;AA;CC;NA;NA;AC;AA;GG;NA;TT;CC;AA;NA
0;CC;GG;AG;AG;CC;CC;AG;CC;CC;TT;CC;CC;CT;AA;GG;GG;NA;AA;NA;NA;NA;NA;GG;NA;NA;NA;GG;NA;NA;NA;GG;GG;GT;AA;AG;AA;CC;AG;NA;AG;NA;NA;CC;TT;NA;NA;NA;NA;NA;NA;NA;CC;AA;CC;NA;NA;NA;NA;GG;CC;NA;NA;NA;NA;NA;NA;NA;NA;NA;NA;NA;NA;NA;NA;NA;TT;TT;NA;NA;GG;NA;AT;GG;NA;NA;NA;NA;NA;NA;NA;NA;TT;NA;NA;NA;NA;NA;NA;NA;TT;NA;NA;NA;NA;NA;NA;NA;NA;NA;NA;NA;NA;NA;NA;AA;NA;NA;NA;NA
0;CC;AA;AA;GG;CT;TT;GG;CC;TT;TT;GG;CC;TT;AA;GG;GG;AA;AA;CC;AA;TT;CC;GG;CC;NA;GT;GG;GG;CC;CT;GG;GG;GG;AA;GG;AA;CC;GG;AA;AA;CT;AA;CT;CT;TT;GG;CC;GG;CC;CC;AA;AC;AA;CC;AA;CT;TT;TT;GG;CC;CC;GG;GG;AA;GT;CC;NA;CC;TT;AA;CT;TT;GG;CC;CG;TT;TT;AA;GG;GG;TT;AT;GG;GG;TT;AA;CC;AG;CT;TT;TT;GT;CC;GG;AG;CC;NA;AG;CG;TT;CC;AA;GG;CC;AG;TT;CT;CC;CT;AA;TT;AC;AA;AG;AA;TT;CC;AA;GG
0;CC;AG;AG;AG;CC;CT;GG;CT;CT;TT;CG;CC;CT;AA;GG;GG;AT;AA;AA;CC;CC;CC;GG;CC;CC;TT;GG;GG;CC;CC;GG;GG;GG;AA;AG;AA;CT;AG;AA;AG;NA;AA;CT;CT;TT;GG;CC;GG;CC;CC;AT;AC;AA;AC;AA;CC;TT;TT;GG;CC;CC;CG;CC;AA;TT;CC;GT;CC;TT;AA;TT;TT;GG;GG;GG;TT;TT;AA;GT;GG;TT;AT;GG;AG;TT;AA;CT;GG;TT;CT;TT;TT;CC;GG;GG;CC;GG;AG;CG;TT;CC;GG;GG;CC;GG;TT;CC;AA;CC;AA;GT;AC;AA;GG;AG;TT;CC;AA;CC
0;TC;AG;AG;AG;CC;CT;GG;CT;CC;TT;CC;CT;CC;AA;GG;GG;AT;AA;AA;CC;CC;CC;GG;CC;CC;TT;GG;GG;CC;CC;GG;GG;GT;AA;AA;AA;CT;AG;AA;AG;CT;AA;CC;TT;TT;GG;CC;GG;CC;CC;AT;CC;AA;CC;AA;CC;TT;TT;GG;CC;CC;CG;CG;AA;TT;CC;GT;CC;TT;AA;TT;TT;GG;CC;GG;TT;TT;GG;GT;GG;TT;AT;GG;AG;TT;AA;CC;GG;CC;CT;TT;GT;CC;GG;AG;CC;GG;AG;CG;TT;CC;GG;GG;CC;GG;TT;CC;AC;CT;AA;GT;AC;AA;GG;AA;TT;CC;AA;GG
0;CC;AG;AG;AG;CC;CT;GG;CT;CT;TT;CG;CC;CT;AA;GG;GG;AA;AA;AC;CC;CC;CC;GG;CC;CC;TT;GG;GG;CC;CC;GG;GG;GG;AA;AG;AA;CC;AG;AA;AG;CT;AC;CC;TT;TT;GG;CC;GG;CC;CC;AA;AC;AA;CC;AA;CC;TT;TT;GG;CT;CC;CG;GG;AA;GT;CC;TT;CC;TT;AA;TT;TT;GG;CC;CG;TT;TT;GG;GG;GG;TT;AT;GG;GG;CT;AA;CC;GG;CC;TT;TT;GT;CC;GG;GG;CC;GG;AG;CG;TT;CC;AA;GG;CC;AG;TT;TT;CC;CT;AA;TT;AC;AA;AA;AA;TT;CC;AA;GG
0;CC;NA;AG;AG;CC;CC;AG;CT;CC;TT;CC;CC;CC;AA;GG;GG;AA;AA;AA;CC;CC;CC;GG;CC;CC;TT;GG;GG;CC;CC;GG;GG;GG;AA;AG;AA;CT;AG;AA;AG;CT;AA;CC;TT;TT;GG;AC;AG;CT;CT;AA;CC;AA;CC;AA;CT;TT;TT;GG;CC;CC;CC;CC;AA;TT;CC;GT;CC;TT;AA;TT;TT;GG;CG;GG;TT;NA;GG;GG;GG;TT;AT;GG;AG;TT;AA;TT;GG;CT;CT;TT;GT;CC;GG;AG;CC;GG;GG;CC;TT;CC;GG;GG;CC;GG;TT;CC;CC;CT;AA;TT;AA;AA;GG;AA;TT;CC;AA;GG
0;CC;AG;AG;AG;CC;CC;GG;TT;CC;TT;CC;CC;CC;AA;GG;GG;AA;AA;AC;CC;CC;CC;GG;CC;CC;TT;GG;GG;CC;CC;GG;GG;GT;AA;AG;AA;CC;GG;AA;AA;CT;AA;CT;CT;TT;GG;CC;GG;CC;CC;AA;AC;AG;CC;AA;NA;TT;TT;GG;CC;CC;CG;GG;AA;TT;CC;GT;CC;TT;AA;TT;TT;GG;CG;GG;TT;NA;GG;GG;GG;TT;AT;GG;GG;TT;AA;CT;GG;CC;TT;TT;GT;CC;NA;GG;CC;GG;AG;CC;TT;CC;GG;GG;CC;AG;TT;CC;AC;CT;AA;TT;AC;AA;GG;AG;TT;CC;AA;GG
0;CC;AA;AA;GG;CC;CT;GG;CT;NA;TT;CG;CC;CT;AA;GG;GG;NA;AG;AA;NA;CC;CC;AG;CC;CC;TT;GG;GG;CC;CC;GG;GG;GG;AA;AG;AA;CT;AA;AA;AG;TT;AA;CC;TT;TT;GG;CC;GG;CC;CC;AT;CC;AG;CC;AA;CC;TT;TT;AG;CT;CC;CC;CG;AA;TT;CC;NA;CC;TT;AA;TT;TT;GG;GG;CG;NA;NA;GG;GG;NA;TT;NA;NA;AG;TT;AA;CC;GG;CC;CT;TT;NA;CC;GG;AA;CC;NA;GG;NA;NA;CC;GG;GG;CC;AG;TT;CT;AA;CC;AA;NA;AA;AA;AG;NA;TT;CC;AA;GG
0;CC;AG;AG;AG;NA;CT;AG;CC;CC;TT;CC;CC;CC;AG;GT;AG;AA;AA;AA;CC;CC;CC;GG;CC;CC;TT;GG;GG;CC;CC;GG;GG;GT;AC;AG;AT;CC;GG;AA;AA;CC;AC;CT;CT;TT;GG;AC;AG;CT;CT;AA;AC;AA;AC;AG;CC;TT;TT;GG;CT;CC;CC;CC;AA;GT;CC;TT;CC;TT;AA;CT;TT;GG;CC;CG;NA;NA;AG;GG;NA;TT;NA;NA;AG;TT;AA;CC;AA;TT;TT;TT;NA;CC;GG;GG;CC;GG;AG;CC;NA;CC;AG;GG;CC;AG;TT;TT;AC;TT;AA;TT;AA;AA;AG;NA;TT;CC;AA;GG
0;CC;AG;AG;AG;CT;CT;AG;CC;CC;TT;CG;CC;CT;AA;GG;GG;AT;AG;AA;CC;CT;CC;AG;CC;CC;TT;GG;GG;CC;CC;GG;AG;GG;AA;AA;AA;TT;AA;AG;GG;TT;AA;CC;CT;TT;GG;CC;GG;CC;CC;AT;AC;AA;AC;AA;TT;TT;TT;GG;CT;CC;CG;CC;AC;TT;CG;GT;CT;TT;AA;TT;TT;GG;GG;CG;NA;NA;AA;GG;NA;TT;NA;NA;AG;TT;AA;CC;GG;TT;CT;TT;NA;CC;GG;AG;CC;GG;AG;CC;NA;CC;GG;GG;CC;AG;TT;CT;AA;CC;AA;GT;AA;AA;AG;NA;CT;CT;AG;GG
0;CC;AG;AG;AG;CT;CT;GG;CC;TT;TT;CG;CC;CT;AG;GT;AG;AA;AA;AA;CC;TT;CC;GG;CT;CT;TT;GG;AG;CT;CC;GG;GG;GG;AA;AA;AA;TT;AA;AA;GG;CC;AC;CC;TT;TT;GG;AC;AG;CT;CT;AA;CC;AA;CC;AA;CT;TT;TT;GG;CC;CC;CC;CC;AA;GT;CC;TT;CC;TT;AA;CT;TT;GG;CC;CG;TT;TT;AA;GG;GG;TT;AT;GG;AG;TT;AA;CC;GG;CC;CT;TT;TT;CC;GG;AG;CC;GG;AG;CC;TT;CC;AA;GG;CC;AG;TT;TT;CC;TT;AA;TT;AA;AA;AG;AG;TT;CC;AA;GG
0;TC;GG;GG;AA;CT;CT;GG;CC;CT;TC;CG;CC;CT;AG;GG;GG;AA;NA;AC;AC;TT;CC;NA;CC;CC;TT;NA;GG;CC;CC;NA;NA;NA;NA;NA;NA;NA;NA;AA;NA;CC;AA;NA;NA;TT;GG;CC;GG;CC;CC;AA;NA;NA;NA;AA;CC;TT;TT;NA;NA;CC;CG;CC;AA;TT;CC;TT;CC;TT;AA;TT;TT;GG;CC;GG;TT;AT;AA;GG;GG;TT;AT;GG;GG;TT;AA;CC;GG;CC;TT;TT;GT;CC;GG;AG;CC;GG;AG;CC;TT;CC;GG;GG;CC;GG;TT;CC;CC;TT;AA;TT;AC;AA;GG;AA;TT;CC;AA;GG
0;CC;GG;NA;AA;CC;CC;GG;CT;CC;TT;GG;CC;CC;AA;GG;GG;AA;AA;AA;AC;TT;CT;GG;CC;CT;TT;GG;GG;CC;CC;GG;GG;GG;AC;AG;AT;CC;GG;AG;AA;TT;AA;CC;TT;TT;GG;CC;GG;CC;CC;AA;CC;AA;AC;AA;CT;TT;TT;GG;CC;CC;CC;CC;AA;TT;CG;GT;CT;TT;AA;CT;TT;GG;GG;CG;TT;TT;AG;GG;GG;TT;AT;GG;GG;TT;AA;CT;AG;TT;TT;TT;GT;CC;GG;GG;CC;GG;GG;CG;TT;CC;GG;GG;CC;AG;TT;TT;AC;CC;AA;TT;AA;AA;AG;AA;CT;CT;AG;GG
0;CC;GG;GG;AA;CC;CT;AG;CT;CC;TT;CG;CT;CT;AA;GG;GG;AT;AG;AA;CC;CC;CC;AG;CC;CC;TT;GG;AG;CC;CC;GG;GG;GG;AA;GG;AT;CC;AG;AA;AA;TT;AA;CT;CT;TT;AG;CC;GG;CC;CC;AT;AC;AA;CC;AA;CT;TT;TT;GG;CC;CC;CG;CG;AA;TT;CC;GT;CC;AT;AA;CT;TT;GG;GG;GG;TT;TT;AA;GT;GG;TT;AT;GG;AG;TT;AA;CC;AG;CT;CT;TT;GG;CC;GG;AG;CC;GG;AG;CG;TT;CC;AG;GG;CC;AG;TT;CT;AA;CC;AA;GT;AC;AA;AG;AA;TT;CC;AA;GG
0;CC;GG;GG;AA;CC;CT;GG;CC;CC;TT;GG;CC;CC;AA;GG;GG;AT;AG;AC;CC;TT;CT;AG;CT;CT;TT;GG;AG;CT;CC;AA;GG;GT;AA;AA;AT;CC;GG;AA;AA;TT;AA;CC;TT;TT;GG;AC;GG;CC;CC;AA;CC;AA;CC;AG;CC;GG;TT;AG;CT;CC;CG;CC;AC;TT;CC;GT;CC;AT;AA;CT;TT;GG;CG;CC;TT;TT;AG;GG;GG;AT;AT;GG;AG;TT;AA;CT;GG;CT;TT;TT;GT;CC;AG;AG;CT;GG;AG;CG;TT;CT;AG;AG;CC;AG;TT;TT;AA;TT;AG;TT;AA;AA;AG;AA;CT;CC;AA;GG
0;TC;NA;GG;AA;NA;CC;AG;CT;CC;TT;CC;CC;CC;AA;GG;GG;AA;NA;AC;CC;CT;CT;NA;CT;CT;TT;AG;AG;CC;CC;GG;GG;GG;AA;AG;AA;CC;GG;AA;AA;TT;AA;CC;CT;TT;AG;CC;GG;CC;CC;AT;AC;AA;CC;AG;CC;TT;TT;GG;CT;CT;CG;CG;AA;TT;CC;GT;CC;AT;AA;NA;TT;GG;GG;CG;TT;TT;GG;GG;GG;TT;AT;GG;AG;TT;AA;CC;GG;NA;TT;NA;GT;CC;GG;NA;CC;GG;NA;CG;TT;CC;GG;GG;CC;AG;TT;TT;NA;CC;AA;GT;AA;AA;NA;AA;TT;CC;NA;GG
0;CC;AG;AG;AG;NA;CC;AA;CT;CC;TT;CC;CC;CC;AG;GG;GG;AT;AA;AC;CC;CC;CC;GG;CC;CC;TT;GG;GG;CC;CC;GG;GG;GG;AA;AG;AA;CC;AG;AA;AG;CT;AA;CC;TT;TT;GG;CC;GG;CC;CC;AA;CC;AA;CC;AA;CC;TT;TT;GG;CC;CC;GG;GG;AA;TT;CC;GT;CC;TT;AA;TT;TT;GG;CG;GG;NA;NA;AA;GG;NA;TT;NA;NA;GG;TT;AA;CC;GG;CC;TT;TT;NA;CC;GG;AG;CC;GG;AA;CC;NA;CC;GG;GG;CC;GG;TT;CC;AC;CT;AA;TT;CC;AA;GG;NA;TT;CC;AA;CG
0;CC;AG;AA;GG;CC;CT;AG;CC;CT;TT;CC;CT;CC;AG;GG;AG;AT;AA;AA;CC;CC;CC;GG;CC;CC;TT;GG;GG;CC;CC;GG;GG;GG;AA;AA;AA;TT;AA;AA;GG;CC;AA;CC;TT;TT;GG;CC;GG;CC;CC;AA;CC;AA;CC;AA;CC;TT;TT;GG;CC;CC;CG;CC;AA;TT;CC;TT;CC;TT;AA;TT;TT;GG;CC;GG;NA;NA;AG;GG;NA;TT;NA;NA;GG;TT;AA;CT;GG;CC;TT;TT;NA;CC;GG;GG;CC;GG;AG;CC;NA;CC;GG;GG;CC;GG;TT;CC;CC;TT;AA;TT;AC;AA;GG;NA;TT;CC;AA;GG
0;CC;GG;GG;AG;CC;CT;GG;CC;CC;TT;CC;CC;CC;AG;GT;AG;AT;AG;AA;CC;CT;CC;AG;CC;CT;TT;GG;AG;CC;CC;GG;AG;GT;AC;AG;NA;CC;AG;AG;AA;TT;AA;CC;CT;TT;GG;AA;AG;CT;CT;AA;AC;AG;AC;AG;CT;GT;TT;AG;CT;CC;CG;CC;AC;GT;CG;TT;CT;TT;AA;CT;AT;AG;CC;CC;TT;TT;AG;GG;GG;TT;AT;GG;AG;TT;AA;CC;AG;NA;CT;TT;GT;CC;GG;GG;CC;GG;AG;CG;TT;CC;AG;GG;CC;AG;TT;TT;AC;CC;AG;TT;AC;AG;AG;AA;CT;CT;GG;GG
0;CC;AG;AG;AG;CT;TT;GG;CC;TT;TT;CG;CC;CT;AG;GG;AG;AA;AA;AA;NA;TT;CC;AA;CT;TT;TT;GG;AG;CT;CT;GG;GG;GG;AA;AA;AA;CT;AG;AA;AG;CT;AA;CC;TT;TT;AG;AC;GG;CC;CC;AT;CC;AA;CC;AA;CC;GT;GT;GG;TT;CC;GG;CC;AA;TT;CG;GT;CC;AA;AA;TT;TT;GG;CC;GG;TT;AT;AG;GG;GG;TT;AT;GG;GG;TT;AA;CC;GG;CC;TT;TT;GG;CC;AG;GG;CC;NA;AG;CG;TT;CC;GG;GG;CC;GG;TT;CT;AC;CT;AA;TT;CC;AA;GG;AA;TT;CC;AA;NA
0;CC;GG;AG;GG;CC;CT;GG;CC;CT;TT;CG;CC;CT;AA;GG;GG;AA;AA;AC;CC;CC;CC;AA;CC;TT;TT;GG;AA;CC;CC;GG;GG;GT;AC;AG;AT;NA;GG;AG;AA;TT;AA;CT;CT;TT;AG;CC;GG;CC;CC;AT;AC;AA;CC;AA;CT;TT;TT;GG;CT;CC;CG;CC;AC;TT;CG;GT;CT;AA;AA;TT;TT;GG;GG;CG;TT;TT;AA;GG;GG;AT;AT;GG;AG;TT;AA;CC;GG;CC;CT;TT;NA;CC;GG;AG;CC;GG;AG;CC;TT;CC;GG;GG;CC;AG;GG;CT;AA;CC;AA;GT;AC;AG;AG;AA;CT;CT;AA;GG
0;CC;AG;AA;AA;CT;CT;GG;CT;CT;TT;CG;CC;CT;AA;GG;GG;AA;AA;AC;CC;CC;CC;GG;CC;CC;TT;GG;GG;CC;CC;AG;GG;GT;AA;AA;AA;CT;AA;AA;AG;CT;AA;CC;TT;TT;GG;CC;GG;CC;CC;AA;CC;AA;CC;AA;CT;TT;TT;GG;CT;CC;CG;CG;AA;TT;CC;TT;CC;TT;AG;TT;AT;AG;CC;CG;TT;TT;GG;GG;GG;TT;AT;GG;GG;TT;AA;TT;GG;CC;TT;TT;GT;CC;AG;AG;CC;NA;AG;CC;TT;CT;GG;GG;CG;AG;TT;CT;AC;CT;AA;TT;AA;AA;AG;AA;TT;CC;AA;GG
0;CC;GG;GG;AG;CC;CC;AG;CC;CC;TC;CC;CC;CC;AG;GG;GG;AA;AA;AC;CC;CT;CC;AG;CC;CC;TT;GG;AG;CC;CC;AG;GG;GT;AA;AG;AA;CC;AG;AA;AA;TT;AA;CT;CT;TT;GG;CC;GG;CC;CC;AT;AC;AA;CC;AA;CT;TT;TT;GG;CC;CT;CG;CG;AA;TT;CC;GT;CC;TT;AG;CT;AT;AG;CG;CG;TT;TT;AA;GG;GG;AT;AT;GG;AG;TT;AA;CT;GG;CC;CT;TT;GT;CC;GG;AA;CC;GG;AG;CC;TT;CT;GG;GG;CG;AG;TT;CT;AA;CC;AA;GT;AA;AA;AG;AA;TT;CC;AA;GG
0;CC;AG;AG;AA;CC;CC;GG;TT;CC;TT;CC;CC;CC;AA;GG;GG;TT;NA;AA;AC;CC;CT;GG;CC;CT;GT;GG;GG;CC;CT;AG;GG;GG;AA;AG;NA;CC;AA;AA;AA;TT;AA;CC;CT;TT;GG;AC;GG;CC;CC;TT;AC;AA;CC;AG;CC;GT;GT;GG;CC;CC;GG;CC;AA;TT;CC;GT;CC;TT;AG;NA;AT;NA;CC;CG;TT;NA;AG;GT;GG;TT;AT;GG;AG;TT;AA;CC;NA;NA;NA;TT;GT;CC;GG;GG;CC;AG;AA;CG;TT;CT;NA;GG;CG;AG;TT;TT;NA;CC;AG;GT;AC;AA;NA;AA;TT;CC;NA;GG
0;CC;AG;AG;AG;CC;CC;AG;CT;CC;TT;CG;CC;CT;AA;GG;GG;AA;AA;AC;AA;NA;CC;GG;CC;NA;TT;GG;GG;CC;CC;GG;GG;GG;AC;AG;NA;CC;GG;AG;AA;TT;AA;CC;CT;TT;GG;CC;GG;CC;CC;TT;AC;AA;AA;NA;CC;TT;TT;GG;CC;CC;CG;CC;CC;TT;CG;TT;CT;TT;AA;TT;TT;GG;GG;CG;TT;NA;GG;GG;GG;TT;AT;GG;AG;TT;AA;NA;GG;NA;TT;TT;GT;CC;GG;NA;CC;GG;AG;GG;CT;CC;GG;GG;CC;AG;TT;TT;NA;CC;AA;GT;AA;AG;NA;AA;TT;CT;NA;NA
0;TC;AG;AG;AA;CC;CC;GG;CC;CC;TT;CG;CC;CT;AA;GG;GG;AA;AA;AA;NA;CC;CC;GG;CC;CC;TT;GG;GG;CC;CC;GG;GG;GG;AA;AG;AA;CC;AG;AA;AG;CT;AA;CC;CC;CC;GG;AA;AA;TT;TT;AA;AA;AA;CC;AA;CC;TT;TT;GG;CC;CC;CC;CC;AA;TT;CC;TT;CC;TT;AA;TT;TT;GG;CC;GG;TT;TT;AG;GG;GG;TT;AT;GG;AA;TT;AA;CC;GG;CC;CC;TT;TT;CC;GG;NA;CC;GG;GG;CC;TT;CC;GG;GG;CC;GG;TT;CC;CC;CT;AA;TT;AC;AA;GG;AA;TT;CC;AA;GG
0;CC;AG;AG;AA;CC;CT;AG;CC;CT;TT;CG;CC;CT;AA;GG;GG;AA;AG;AC;AC;CC;CC;GG;CC;CC;TT;GG;GG;CC;CT;GG;GG;GG;AC;AG;AA;CC;AG;AA;AG;TT;AA;CC;TT;TT;GG;AC;AG;CT;CT;AA;CC;AA;CC;GG;CC;TT;GT;GG;CT;CC;CG;CC;AC;TT;CC;GT;CC;TT;AA;CT;TT;GG;CC;GG;TT;NA;AA;GG;GG;TT;AT;GG;GG;TT;AA;CC;GG;CT;TT;TT;GT;CC;GG;AG;CC;GG;GG;CC;TT;CC;GG;GG;CC;AG;TT;TT;AC;CC;AA;TT;AC;AA;AG;AA;TT;CC;AA;GG
0;CC;GG;GG;AA;NA;CC;GG;CT;NA;TT;CC;CC;CC;AA;GG;GG;AT;AA;AC;AC;CC;CC;GG;CC;CC;TT;GG;GG;CC;CC;GG;AG;GG;AA;AG;AA;CC;AA;AG;AA;CT;AA;CC;TT;TT;GG;CC;GG;CC;CC;AT;CC;AA;NA;AA;CC;TT;TT;GG;CT;NA;NA;NA;AA;GT;NA;NA;NA;NA;NA;TT;TT;GG;CC;NA;TT;NA;NA;NA;GG;TT;AT;GG;GG;TT;NA;CC;GG;NA;NA;TT;GT;CC;NA;NA;CC;NA;GG;NA;TT;CC;GG;GG;NA;GG;NA;NA;NA;NA;NA;NA;AC;NA;NA;AA;TT;NA;NA;NA
0;CC;GG;GG;AA;NA;CT;AG;CC;NA;TT;CC;CC;CC;AA;GG;GG;AT;AA;AA;NA;CT;CT;GG;CC;CC;TT;GG;GG;CC;CT;AG;GG;TT;AC;AA;AT;CC;AG;AA;AG;TT;AA;CT;CT;TT;GG;AC;GG;CC;CC;AT;AC;AA;CC;AG;CT;GT;GT;GG;CC;CC;GG;CC;AC;TT;CG;TT;CT;TT;AG;TT;AT;AG;CG;CC;TT;TT;AA;GG;GG;TT;NA;GG;AG;TT;AA;CC;AG;CC;CT;TT;GT;CC;GG;GG;CC;GG;AA;CG;TT;CT;GG;GG;CG;AA;TT;TT;AC;CT;AA;GT;CC;AA;AA;AA;CT;CT;AG;GG
0;CC;GG;GG;AA;CT;CT;AG;CC;CT;TT;CG;CC;CT;AA;GG;GG;AA;AG;AA;CC;TT;CC;GG;CC;CC;TT;GG;GG;CC;CC;GG;GG;TT;CC;AG;AT;CC;AG;AG;AA;TT;AA;CC;TT;TT;GG;CC;GG;CC;CC;AA;CC;AA;CC;AA;CT;TT;TT;GG;CC;CC;CC;GG;CC;TT;GG;GT;TT;TT;AA;TT;TT;GG;GG;CC;TT;TT;AA;GG;GG;TT;AT;GG;GG;TT;AA;CC;AG;TT;TT;TT;TT;CC;GG;NA;CC;GG;GG;CG;CT;CC;GG;GG;CC;AA;TT;TT;AA;CC;AA;TT;AA;AA;AA;AA;CT;CT;AG;GG
0;CC;GG;GG;AG;CT;TT;GG;CC;TT;TT;GG;CC;TT;AA;GG;GG;AT;AA;AA;CC;CT;CC;GG;CC;CC;TT;GG;GG;CC;CC;GG;GG;GG;AA;AG;NA;CT;AA;AA;AG;CT;AC;CC;TT;TT;GG;CC;GG;CC;CC;AA;CC;AG;AC;AA;CC;TT;TT;AG;CC;CC;CG;CC;AA;GT;CC;TT;CC;TT;AA;CT;TT;GG;CC;CG;TT;NA;AA;GG;GG;TT;AT;GG;AG;TT;AA;CC;AG;NA;TT;TT;TT;CC;GG;GG;CC;GG;GG;CG;TT;CC;AA;GG;CC;AG;TT;TT;CC;TT;AA;TT;AC;AA;AA;AG;TT;CC;AA;GG
0;CC;GG;GG;AG;CC;TT;GG;CC;NA;CC;CG;CC;CT;AG;GG;GG;NA;AA;NA;NA;NA;NA;GG;CC;NA;TT;GG;NA;CC;CC;GG;GG;GG;AC;AG;AT;CC;AG;AG;AA;TT;AA;CC;TT;TT;NA;CC;GG;CC;CC;AA;CC;AA;CC;NA;CC;NA;NA;GG;CC;NA;NA;NA;AC;TT;NA;NA;CT;TT;NA;TT;TT;GG;GG;CC;TT;TT;GG;GG;GG;TT;AT;GG;GG;TT;NA;CC;AG;CC;TT;TT;TT;CC;NA;GG;CC;NA;AG;NA;TT;CC;GG;GG;CC;AG;TT;CT;AA;CC;NA;NA;CC;AA;AA;AA;CT;CC;AG;NA
0;CC;AG;GG;AA;NA;CC;GG;CT;CC;TC;CC;CC;CC;AG;GG;GG;AT;AA;AA;CC;CT;CC;GG;CC;CC;TT;GG;GG;CC;CC;GG;GG;GT;AC;AG;AT;CC;GG;AG;AA;TT;AA;CC;TT;TT;GG;AC;GG;CC;CC;AA;CC;AA;AA;AA;CT;TT;TT;GG;CC;CC;CG;CG;AA;TT;CG;GT;CT;TT;AA;TT;TT;GG;GG;CG;TT;NA;AA;GG;GG;TT;AT;GG;GG;TT;AA;CC;GG;TT;TT;TT;TT;CC;GG;AG;CC;GG;AG;CC;TT;CC;GG;GG;CC;AG;TT;TT;AA;CC;AA;TT;AA;AG;AG;AA;CT;CT;AG;GG
0;CC;GG;AG;AA;CC;CT;AA;CT;NA;TT;CG;CC;CT;AG;GT;AG;AT;AA;AA;CC;CT;CC;GG;CC;CC;TT;GG;GG;CC;CC;GG;GG;GT;AC;AG;AT;CC;GG;AG;AA;TT;AA;CC;TT;TT;GG;CC;GG;CC;CC;AA;CC;AA;CC;AA;CC;TT;TT;GG;CC;CC;CG;CG;AC;TT;CG;GT;CT;TT;AA;CT;TT;GG;GG;CG;NA;NA;AA;GG;NA;TT;NA;NA;GG;TT;AA;CT;GG;CC;TT;TT;NA;CC;GG;AG;CC;GG;AG;CG;NA;CC;GG;GG;CC;AG;TT;TT;AA;CC;AA;TT;AA;AA;AG;NA;CT;CT;AG;GG
0;CC;GG;AA;AA;NA;CC;AG;CC;CC;TT;CC;CC;CC;NA;GG;GG;AT;AA;AA;CC;CC;CC;AA;CC;CC;TT;GG;AA;CC;CC;GG;GG;GG;AC;AG;AT;CC;GG;AG;AA;TT;AA;CC;TT;TT;GG;CC;GG;CC;CC;AA;CC;AA;CC;AA;CT;TT;TT;GG;CC;CC;CG;CC;AC;TT;CG;TT;CT;AA;AA;CT;TT;GG;GG;CG;NA;NA;GG;GG;NA;TT;NA;NA;GG;TT;AA;TT;GG;CC;TT;TT;NA;CC;GG;AG;CC;GG;AG;CG;NA;CC;GG;GG;CC;AG;GG;TT;AA;CC;AA;TT;AA;AG;AG;NA;CT;CT;AG;CG
0;CC;GG;GG;AA;CC;CT;AG;CC;NA;TC;CC;CC;CC;AG;GG;GG;AA;AA;AA;NA;NA;CC;GG;CC;NA;GT;GG;GG;CC;CC;GG;GG;GG;AA;AG;NA;CC;AG;AA;AG;CC;AA;CC;TT;TT;GG;CC;GG;CC;CC;AA;CC;AA;CC;AA;CC;TT;TT;GG;CT;NA;CC;CC;AA;TT;CC;NA;CC;TT;AA;CT;TT;GG;CC;GG;NA;NA;GG;GG;NA;TT;NA;NA;GG;TT;AA;NA;GG;NA;TT;TT;NA;CC;GG;NA;CC;NA;GG;NA;NA;CC;GG;GG;CC;GG;TT;TT;CC;CT;NA;TT;AA;AA;NA;NA;TT;CC;AA;GG
0;CC;AG;AG;AA;NA;CC;GG;CC;CC;TC;CC;NA;CC;AG;NA;NA;AT;AA;AC;CC;CT;CC;GG;CC;CC;TT;GG;GG;CC;CC;GG;GG;GT;AA;AG;AA;CT;AG;AA;AG;CT;AC;CC;TT;TT;GG;AC;GG;CC;CC;AA;CC;AA;CC;AA;CC;TT;TT;GG;CC;CC;CG;CC;AA;GT;CC;GT;CC;TT;AA;TT;TT;GG;CG;CG;TT;NA;AA;GG;GG;TT;AT;GG;GG;TT;AA;CT;GG;CC;TT;TT;TT;CC;GG;AG;CC;NA;AG;CC;TT;CC;AA;GG;CC;AG;TT;CT;AC;CT;AA;TT;AA;AA;AG;AA;TT;CC;AA;GG
0;CC;AA;AG;AG;NA;TT;GG;CC;TT;TT;GG;CC;TT;AA;GG;GG;NA;AA;NA;NA;NA;NA;GG;NA;NA;NA;GG;NA;NA;NA;GG;GG;GG;AA;AA;AA;CC;GG;NA;AA;NA;NA;TT;CT;NA;NA;NA;NA;NA;NA;NA;AC;AA;CC;NA;NA;NA;NA;GG;CC;NA;NA;NA;AA;TT;NA;NA;NA;NA;NA;TT;TT;GG;GG;NA;NA;NA;NA;NA;NA;AT;NA;NA;AA;CT;NA;CC;GG;CC;CT;TT;NA;CC;NA;NA;CC;NA;AG;NA;NA;CC;GG;GG;NA;GG;NA;TT;AA;NA;NA;NA;AC;NA;GG;NA;TT;NA;AA;NA
0;CC;AA;AA;GG;NA;CC;AG;CC;CC;TC;CC;CC;NA;AG;GG;GG;AT;AG;AA;CC;TT;CC;AG;CC;CC;GT;AG;GG;CC;CT;AG;AG;GT;AC;AG;AT;CT;AG;AA;AG;CT;AA;CT;CT;TT;GG;CC;GG;CC;CC;AT;AC;AG;AC;AA;CT;TT;TT;AG;CT;CC;CC;GG;AC;GT;CC;TT;CC;TT;AG;CT;AT;AG;CG;CG;NA;NA;AA;GG;NA;TT;NA;NA;AG;TT;AA;CT;AG;TT;CT;CT;NA;AC;GG;AG;CT;GG;AG;CG;NA;CT;AG;GG;CG;AG;TT;CT;AC;CT;AA;GT;AC;AA;AG;NA;CT;CC;AG;GG
0;CC;AG;GG;AG;NA;CT;AG;CC;CC;TT;CG;CC;CT;AA;GG;GG;AA;AA;AC;AC;CT;CC;GG;CC;CC;TT;GG;GG;CC;CC;GG;GG;GT;AA;AA;AA;TT;AA;AA;GG;CC;AC;CT;CT;TT;AG;CC;GG;CC;CC;AT;AC;AA;CC;AA;CC;TT;TT;GG;CC;NA;NA;NA;NA;NA;NA;NA;NA;NA;NA;NA;NA;NA;NA;NA;NA;NA;NA;NA;NA;NA;NA;NA;NA;NA;NA;NA;NA;NA;NA;NA;NA;NA;NA;NA;NA;NA;NA;NA;NA;NA;NA;NA;NA;NA;NA;NA;NA;NA;NA;NA;NA;NA;NA;NA;NA;NA;NA;NA
0;CC;AG;AG;AG;NA;CC;AA;TT;NA;TT;CG;CC;CT;AA;GG;GG;AA;AA;AC;AC;CC;CC;GG;CC;CC;GT;GG;GG;CC;CT;AA;GG;TT;AA;AA;AA;CC;AA;AA;AA;TT;AA;CC;CT;CT;GG;AC;AG;CT;CT;AA;AC;AA;CC;AA;CT;TT;TT;GG;CT;CC;CG;CC;AA;TT;CC;TT;CC;TT;GG;CC;AA;NA;CC;CC;NA;NA;AA;GG;NA;TT;NA;NA;AG;TT;AA;CC;GG;CC;CT;TT;NA;CC;GG;GG;CC;GG;AG;CG;NA;TT;GG;GG;GG;AA;TT;TT;AA;CC;AA;TT;AC;AA;AA;NA;TT;CC;AA;GG
0;TC;AG;AG;GG;NA;TT;GG;CC;CC;NA;CG;CT;CT;AG;GT;AG;TT;AA;AA;CC;CC;CC;GG;CC;CC;TT;GG;GG;CC;CC;AG;GG;TT;AA;AA;AA;CT;AA;AA;AG;CT;AC;CC;TT;TT;GG;CC;GG;CC;CC;AA;CC;AA;CC;AA;CC;TT;TT;GG;CC;CC;GG;CC;AA;GT;CC;TT;CC;TT;AG;TT;AT;AG;CC;CC;NA;NA;AA;GG;NA;TT;NA;NA;GG;TT;AA;CT;GG;CC;TT;TT;NA;CC;GG;GG;CC;GG;AA;CC;NA;TT;AA;GG;CG;AA;TT;TT;AC;CT;AA;TT;AC;AA;AA;NA;TT;CC;AA;GG
0;CC;AG;AG;AA;NA;CC;AG;CT;NA;TT;CC;CT;CC;AA;GG;GG;AT;AG;AA;AC;CT;CT;GG;CC;CC;TT;GG;AG;CT;CT;GG;AG;GT;CC;AA;TT;CC;AG;AG;AA;TT;AA;CT;CT;CT;GG;AC;AG;CC;CC;AT;AC;AA;AC;AG;CC;GT;GT;AG;CC;CC;CG;CG;CC;TT;GG;GT;TT;TT;AG;CT;TT;GG;CG;CC;NA;NA;AG;GG;NA;TT;NA;NA;AG;TT;AG;CT;AG;CC;CT;TT;NA;CC;AG;AG;CT;AA;AG;CG;NA;CC;AG;GG;CC;AA;TT;TT;AC;CC;AG;GG;AA;AG;AA;NA;CC;CT;GG;GG
0;CC;GG;AG;AG;CC;CT;NA;CC;CT;TT;CG;CC;CT;AA;GG;GG;NA;AG;NA;NA;NA;NA;GG;NA;NA;NA;GG;NA;NA;NA;GG;AG;GG;AA;AG;AA;CC;AG;NA;AA;NA;NA;CC;TT;NA;NA;NA;NA;NA;NA;NA;AC;AG;CC;NA;NA;NA;NA;GG;CT;NA;NA;NA;AA;TT;NA;NA;NA;NA;NA;CT;TT;GG;GG;NA;NA;NA;NA;NA;NA;TT;NA;NA;AG;TT;NA;CC;AG;NA;CT;TT;NA;CC;NA;AA;CT;NA;AG;NA;NA;CC;AG;GG;NA;AG;NA;CT;CC;NA;NA;NA;AC;NA;AA;NA;CC;NA;AA;CC
0;CC;AG;GG;AA;NA;CC;AG;CC;CC;TC;CC;CC;CC;AG;GG;GG;TT;AA;AA;CC;CC;CC;AA;CT;TT;TT;GG;AG;CC;CT;GG;GG;GG;AA;GG;AA;CC;GG;AA;AA;TT;AA;CT;TT;TT;GG;CC;GG;CC;CC;AT;AC;AA;CC;AA;TT;TT;TT;GG;CC;CT;GG;CC;AA;TT;CC;GG;CC;AA;AA;TT;TT;GG;GG;GG;TT;TT;AA;TT;GG;TT;AT;GG;AG;TT;AA;CC;GG;CT;CT;TT;GT;CC;GG;GG;CC;GG;AA;CC;TT;CC;GG;GG;CC;GG;TT;CC;AA;CC;AA;GT;AC;AA;GG;AA;TT;CC;AA;GG
0;CC;AG;GG;AG;NA;CC;AG;CC;CC;TT;NA;CT;CC;AG;GG;AG;AT;NA;AC;AA;CT;CT;GG;CT;CC;TT;GG;AG;CT;CC;GG;AG;GG;AA;GG;AA;CC;NA;AA;AA;TT;AA;CC;CT;CT;GG;AC;GG;CC;CC;AT;AC;AA;NA;AG;CT;GT;GT;GG;CC;CC;CG;GG;AA;TT;CG;GT;CT;TT;AA;CT;TT;GG;NA;GG;NA;NA;GG;GG;NA;TT;NA;NA;AG;TT;AA;CC;AG;NA;NA;TT;NA;CC;AG;NA;CC;AA;GG;CG;NA;CC;GG;GG;CC;AG;TT;NA;NA;CC;AG;GG;AA;AA;NA;NA;TT;CC;NA;CG
0;CC;AG;GG;AA;CC;CT;GG;CT;CC;TT;CC;CC;CC;AA;GG;GG;NA;AA;NA;NA;NA;NA;GG;NA;NA;NA;GG;NA;NA;NA;AG;GG;TT;AC;AA;AT;CT;AG;NA;AG;NA;NA;CC;CT;NA;NA;NA;NA;NA;NA;NA;CC;AA;CC;NA;NA;NA;NA;GG;CC;NA;NA;NA;AC;TT;NA;NA;NA;NA;NA;TT;AT;AG;CG;NA;NA;NA;NA;NA;NA;TT;NA;NA;GG;TT;NA;CC;GG;CC;TT;TT;NA;CC;NA;NA;CC;NA;AA;NA;NA;CT;GG;GG;NA;AA;NA;TT;AC;NA;NA;NA;AC;NA;AA;NA;TT;NA;NA;NA
0;CC;AG;GG;AA;TT;TT;GG;CC;TT;TT;GG;CC;TT;AA;GG;GG;NA;AA;NA;NA;NA;NA;GG;NA;NA;NA;GG;NA;NA;NA;AG;GG;NA;AA;AG;NA;CC;AA;NA;AA;NA;NA;CC;TT;NA;NA;NA;NA;NA;NA;NA;CC;AG;CC;NA;NA;NA;NA;GG;CC;NA;NA;NA;AA;TT;NA;NA;NA;NA;NA;NA;AT;AA;CC;NA;TT;TT;NA;NA;GG;TT;AT;GG;GG;TT;NA;CC;GG;NA;TT;TT;GG;CC;NA;NA;CC;NA;GG;NA;TT;CT;GG;GG;NA;AG;NA;TT;NA;NA;NA;NA;AA;NA;NA;AA;TT;NA;AA;NA
0;CC;GG;AG;AA;CC;CT;GG;CC;CC;TT;CC;CC;CC;AG;GT;AG;AT;AG;AA;AC;CT;CT;AG;CC;CT;TT;GG;AG;CC;CC;AG;GG;GG;AA;AG;AA;CC;AG;AA;AA;TT;AA;CC;TT;TT;GG;AC;AG;CT;CT;AA;AC;AA;CC;AG;CC;GT;GT;GG;CC;CC;CG;CC;AA;TT;CC;GT;CC;AT;GG;CT;AT;AG;CC;CG;NA;NA;AG;GG;NA;TT;NA;NA;AG;TT;AG;CC;AG;CC;CT;TT;NA;CC;AG;AG;CC;AG;AG;CG;NA;CT;AG;GG;CG;AG;TT;TT;AA;CC;AG;TT;AC;AA;AA;NA;TT;CC;AA;GG
0;CC;AG;AG;AA;CC;CC;GG;CT;CC;TT;CC;CC;CC;AA;GG;GG;AA;AG;AA;CC;CT;CC;GG;CC;CC;GT;GG;GG;CC;CT;GG;GG;GT;AC;AA;AT;CC;GG;AG;AA;TT;AA;CC;TT;TT;GG;CC;GG;CC;CC;AA;CC;AA;CC;AA;CT;TT;TT;GG;CC;CC;CG;CG;AC;TT;CG;TT;CT;TT;AA;CT;TT;GG;GG;CG;TT;NA;AA;GG;GG;TT;AT;GG;GG;TT;AA;CT;GG;CC;TT;TT;GG;CC;NA;GG;CC;NA;AG;CC;TT;CC;GG;GG;CC;AG;TT;TT;AA;CC;AA;TT;AA;AG;AA;AA;CT;CT;AG;CC
0;CC;GG;AG;AA;CT;CT;GG;CT;CT;TT;CG;CC;CT;AA;GG;GG;AA;AG;AA;CC;TT;CC;GG;CC;CC;TT;GG;GG;CC;CC;GG;GG;GT;AA;AG;AA;CT;AG;AA;AG;CT;AC;CC;TT;TT;GG;CC;GG;CC;CC;AA;CC;AA;CC;AA;CT;TT;TT;GG;CC;CC;CC;GG;AA;GT;CC;GT;CC;TT;AA;TT;TT;GG;CG;CG;TT;TT;AA;GG;GG;TT;AT;GG;GG;TT;AA;CC;GG;TT;TT;TT;GG;CC;AG;AG;CC;GG;GG;CC;TT;CC;AA;GG;CC;AG;TT;TT;AC;CT;AA;TT;AC;AA;AA;AA;TT;CC;AA;GG
0;CC;GG;AG;AG;CT;CT;GG;CC;CT;TT;CG;CC;CT;AA;GG;GG;AA;NA;AA;CC;TT;CC;NA;CC;CT;TT;NA;AG;CC;CC;NA;NA;NA;NA;NA;NA;NA;NA;AA;NA;TT;AA;NA;NA;TT;GG;CC;GG;CC;CC;AT;NA;NA;NA;AA;CC;TT;TT;NA;NA;CC;CC;CC;NA;NA;CC;GG;CC;TT;AA;NA;NA;NA;NA;GG;TT;TT;AA;TT;GG;NA;AT;GG;NA;NA;AA;NA;NA;NA;NA;NA;GT;NA;GG;NA;NA;GG;NA;CC;TT;NA;NA;NA;CC;NA;TT;NA;NA;CC;AA;GT;NA;AA;NA;AA;NA;CC;NA;GG
0;CC;AG;GG;AA;CC;CT;GG;CT;CT;TC;CC;CC;CC;AG;GG;GG;TT;AG;AA;CC;CC;CT;GG;CC;CT;TT;GG;GG;CC;CC;GG;GG;GG;AA;AG;AA;CT;AA;AA;AG;CT;AA;CC;TT;TT;GG;CC;GG;CC;CC;AA;CC;AA;CC;AA;CC;TT;TT;AG;CC;CC;GG;CG;AA;TT;CC;GT;CC;TT;AA;TT;TT;GG;CG;GG;TT;NA;AA;GG;GG;TT;AT;GG;GG;TT;AA;CT;GG;CT;TT;TT;GT;CC;GG;GG;CC;GG;AG;CC;TT;CC;GG;GG;CC;GG;TT;CT;AC;CT;AA;TT;AA;AA;AG;AA;TT;CC;AA;GG
0;CC;AG;GG;AA;CT;CT;GG;CT;CT;TT;CG;CC;CT;AA;GG;GG;AT;AA;AA;CC;CC;CC;GG;CC;CC;TT;GG;GG;CC;CC;GG;GG;TT;CC;AA;TT;CC;GG;GG;AA;TT;AA;CC;TT;TT;GG;AC;AG;CT;CC;AA;AC;AA;CC;AA;CC;TT;TT;AG;CC;CC;CG;CG;CC;TT;GG;TT;TT;TT;AA;TT;TT;GG;GG;CC;TT;TT;GG;GG;GG;TT;AT;GG;AG;TT;AA;CC;GG;CC;CT;TT;GT;CC;GG;AG;CC;GG;AG;CC;TT;CC;GG;GG;CC;AA;TT;TT;AA;CC;AA;TT;AC;GG;AA;AA;CC;TT;GG;GG
0;CC;AG;GG;AA;CC;CC;GG;CT;CC;TT;CG;CC;TT;AA;GG;GG;AA;AG;AA;CC;TT;CC;GG;CC;CC;TT;GG;GG;CC;CC;GG;GG;GT;AC;AG;TT;CC;GG;AG;AA;TT;AA;CC;TT;TT;GG;CC;GG;CC;CC;AA;CC;AA;CC;AA;CT;TT;TT;GG;CT;CC;CC;CG;AC;TT;CG;GT;CT;TT;AA;NA;TT;GG;GG;CG;TT;NA;AA;GG;GG;TT;AT;GG;GG;TT;AA;NA;GG;NA;TT;TT;GT;CC;GG;GG;CC;GG;GG;CC;TT;CC;GG;GG;CC;AG;TT;TT;AA;CC;AA;TT;AA;AG;AA;AA;TT;CT;AG;GG
0;CC;AG;GG;AA;NA;NA;NA;NA;NA;NA;NA;NA;NA;NA;NA;NA;AT;AG;AA;CC;CC;CC;AG;CT;CT;TT;GG;AG;CC;CC;GG;GG;GT;AC;AG;AT;CC;GG;AG;AA;TT;AA;CT;CT;TT;GG;CC;GG;CC;CC;AT;AC;AA;CC;AG;CT;TT;TT;GG;CC;CC;CG;CG;AC;TT;CG;GT;CT;AT;AA;CT;TT;GG;GG;CG;NA;NA;AG;GT;NA;TT;NA;NA;AG;TT;AA;CC;AG;NA;CT;TT;NA;CC;GG;NA;CC;GG;AG;CG;NA;CC;GG;GG;CC;AG;TT;TT;AA;CC;AA;GT;AA;AG;AG;NA;CT;CT;AG;GG
